<?xml version="1.0" encoding="UTF-8"?>
<spirit:component xmlns:xilinx="http://www.xilinx.com" xmlns:spirit="http://www.spiritconsortium.org/XMLSchema/SPIRIT/1685-2009" xmlns:xsi="http://www.w3.org/2001/XMLSchema-instance">
  <spirit:vendor>xilinx.com</spirit:vendor>
  <spirit:library>user</spirit:library>
  <spirit:name>matmul</spirit:name>
  <spirit:version>1.0</spirit:version>
  <spirit:busInterfaces>
    <spirit:busInterface>
      <spirit:name>S00_AXI</spirit:name>
      <spirit:busType spirit:vendor="xilinx.com" spirit:library="interface" spirit:name="aximm" spirit:version="1.0"/>
      <spirit:abstractionType spirit:vendor="xilinx.com" spirit:library="interface" spirit:name="aximm_rtl" spirit:version="1.0"/>
      <spirit:slave>
        <spirit:memoryMapRef spirit:memoryMapRef="S00_AXI"/>
      </spirit:slave>
      <spirit:portMaps>
        <spirit:portMap>
          <spirit:logicalPort>
            <spirit:name>AWADDR</spirit:name>
          </spirit:logicalPort>
          <spirit:physicalPort>
            <spirit:name>s00_axi_awaddr</spirit:name>
          </spirit:physicalPort>
        </spirit:portMap>
        <spirit:portMap>
          <spirit:logicalPort>
            <spirit:name>AWPROT</spirit:name>
          </spirit:logicalPort>
          <spirit:physicalPort>
            <spirit:name>s00_axi_awprot</spirit:name>
          </spirit:physicalPort>
        </spirit:portMap>
        <spirit:portMap>
          <spirit:logicalPort>
            <spirit:name>AWVALID</spirit:name>
          </spirit:logicalPort>
          <spirit:physicalPort>
            <spirit:name>s00_axi_awvalid</spirit:name>
          </spirit:physicalPort>
        </spirit:portMap>
        <spirit:portMap>
          <spirit:logicalPort>
            <spirit:name>AWREADY</spirit:name>
          </spirit:logicalPort>
          <spirit:physicalPort>
            <spirit:name>s00_axi_awready</spirit:name>
          </spirit:physicalPort>
        </spirit:portMap>
        <spirit:portMap>
          <spirit:logicalPort>
            <spirit:name>WDATA</spirit:name>
          </spirit:logicalPort>
          <spirit:physicalPort>
            <spirit:name>s00_axi_wdata</spirit:name>
          </spirit:physicalPort>
        </spirit:portMap>
        <spirit:portMap>
          <spirit:logicalPort>
            <spirit:name>WSTRB</spirit:name>
          </spirit:logicalPort>
          <spirit:physicalPort>
            <spirit:name>s00_axi_wstrb</spirit:name>
          </spirit:physicalPort>
        </spirit:portMap>
        <spirit:portMap>
          <spirit:logicalPort>
            <spirit:name>WVALID</spirit:name>
          </spirit:logicalPort>
          <spirit:physicalPort>
            <spirit:name>s00_axi_wvalid</spirit:name>
          </spirit:physicalPort>
        </spirit:portMap>
        <spirit:portMap>
          <spirit:logicalPort>
            <spirit:name>WREADY</spirit:name>
          </spirit:logicalPort>
          <spirit:physicalPort>
            <spirit:name>s00_axi_wready</spirit:name>
          </spirit:physicalPort>
        </spirit:portMap>
        <spirit:portMap>
          <spirit:logicalPort>
            <spirit:name>BRESP</spirit:name>
          </spirit:logicalPort>
          <spirit:physicalPort>
            <spirit:name>s00_axi_bresp</spirit:name>
          </spirit:physicalPort>
        </spirit:portMap>
        <spirit:portMap>
          <spirit:logicalPort>
            <spirit:name>BVALID</spirit:name>
          </spirit:logicalPort>
          <spirit:physicalPort>
            <spirit:name>s00_axi_bvalid</spirit:name>
          </spirit:physicalPort>
        </spirit:portMap>
        <spirit:portMap>
          <spirit:logicalPort>
            <spirit:name>BREADY</spirit:name>
          </spirit:logicalPort>
          <spirit:physicalPort>
            <spirit:name>s00_axi_bready</spirit:name>
          </spirit:physicalPort>
        </spirit:portMap>
        <spirit:portMap>
          <spirit:logicalPort>
            <spirit:name>ARADDR</spirit:name>
          </spirit:logicalPort>
          <spirit:physicalPort>
            <spirit:name>s00_axi_araddr</spirit:name>
          </spirit:physicalPort>
        </spirit:portMap>
        <spirit:portMap>
          <spirit:logicalPort>
            <spirit:name>ARPROT</spirit:name>
          </spirit:logicalPort>
          <spirit:physicalPort>
            <spirit:name>s00_axi_arprot</spirit:name>
          </spirit:physicalPort>
        </spirit:portMap>
        <spirit:portMap>
          <spirit:logicalPort>
            <spirit:name>ARVALID</spirit:name>
          </spirit:logicalPort>
          <spirit:physicalPort>
            <spirit:name>s00_axi_arvalid</spirit:name>
          </spirit:physicalPort>
        </spirit:portMap>
        <spirit:portMap>
          <spirit:logicalPort>
            <spirit:name>ARREADY</spirit:name>
          </spirit:logicalPort>
          <spirit:physicalPort>
            <spirit:name>s00_axi_arready</spirit:name>
          </spirit:physicalPort>
        </spirit:portMap>
        <spirit:portMap>
          <spirit:logicalPort>
            <spirit:name>RDATA</spirit:name>
          </spirit:logicalPort>
          <spirit:physicalPort>
            <spirit:name>s00_axi_rdata</spirit:name>
          </spirit:physicalPort>
        </spirit:portMap>
        <spirit:portMap>
          <spirit:logicalPort>
            <spirit:name>RRESP</spirit:name>
          </spirit:logicalPort>
          <spirit:physicalPort>
            <spirit:name>s00_axi_rresp</spirit:name>
          </spirit:physicalPort>
        </spirit:portMap>
        <spirit:portMap>
          <spirit:logicalPort>
            <spirit:name>RVALID</spirit:name>
          </spirit:logicalPort>
          <spirit:physicalPort>
            <spirit:name>s00_axi_rvalid</spirit:name>
          </spirit:physicalPort>
        </spirit:portMap>
        <spirit:portMap>
          <spirit:logicalPort>
            <spirit:name>RREADY</spirit:name>
          </spirit:logicalPort>
          <spirit:physicalPort>
            <spirit:name>s00_axi_rready</spirit:name>
          </spirit:physicalPort>
        </spirit:portMap>
      </spirit:portMaps>
      <spirit:parameters>
        <spirit:parameter>
          <spirit:name>WIZ_DATA_WIDTH</spirit:name>
          <spirit:value spirit:format="long" spirit:id="BUSIFPARAM_VALUE.S00_AXI.WIZ_DATA_WIDTH" spirit:choiceRef="choice_list_6fc15197">32</spirit:value>
        </spirit:parameter>
        <spirit:parameter>
          <spirit:name>WIZ_NUM_REG</spirit:name>
          <spirit:value spirit:format="long" spirit:id="BUSIFPARAM_VALUE.S00_AXI.WIZ_NUM_REG" spirit:minimum="4" spirit:maximum="512" spirit:rangeType="long">10</spirit:value>
        </spirit:parameter>
        <spirit:parameter>
          <spirit:name>SUPPORTS_NARROW_BURST</spirit:name>
          <spirit:value spirit:format="long" spirit:id="BUSIFPARAM_VALUE.S00_AXI.SUPPORTS_NARROW_BURST" spirit:choiceRef="choice_pairs_ce1226b1">0</spirit:value>
        </spirit:parameter>
      </spirit:parameters>
    </spirit:busInterface>
    <spirit:busInterface>
      <spirit:name>S00_AXI_RST</spirit:name>
      <spirit:busType spirit:vendor="xilinx.com" spirit:library="signal" spirit:name="reset" spirit:version="1.0"/>
      <spirit:abstractionType spirit:vendor="xilinx.com" spirit:library="signal" spirit:name="reset_rtl" spirit:version="1.0"/>
      <spirit:slave/>
      <spirit:portMaps>
        <spirit:portMap>
          <spirit:logicalPort>
            <spirit:name>RST</spirit:name>
          </spirit:logicalPort>
          <spirit:physicalPort>
            <spirit:name>s00_axi_aresetn</spirit:name>
          </spirit:physicalPort>
        </spirit:portMap>
      </spirit:portMaps>
      <spirit:parameters>
        <spirit:parameter>
          <spirit:name>POLARITY</spirit:name>
          <spirit:value spirit:id="BUSIFPARAM_VALUE.S00_AXI_RST.POLARITY" spirit:choiceRef="choice_list_9d8b0d81">ACTIVE_LOW</spirit:value>
        </spirit:parameter>
      </spirit:parameters>
    </spirit:busInterface>
    <spirit:busInterface>
      <spirit:name>S00_AXI_CLK</spirit:name>
      <spirit:busType spirit:vendor="xilinx.com" spirit:library="signal" spirit:name="clock" spirit:version="1.0"/>
      <spirit:abstractionType spirit:vendor="xilinx.com" spirit:library="signal" spirit:name="clock_rtl" spirit:version="1.0"/>
      <spirit:slave/>
      <spirit:portMaps>
        <spirit:portMap>
          <spirit:logicalPort>
            <spirit:name>CLK</spirit:name>
          </spirit:logicalPort>
          <spirit:physicalPort>
            <spirit:name>s00_axi_aclk</spirit:name>
          </spirit:physicalPort>
        </spirit:portMap>
      </spirit:portMaps>
      <spirit:parameters>
        <spirit:parameter>
          <spirit:name>ASSOCIATED_BUSIF</spirit:name>
          <spirit:value spirit:id="BUSIFPARAM_VALUE.S00_AXI_CLK.ASSOCIATED_BUSIF">S00_AXI</spirit:value>
        </spirit:parameter>
        <spirit:parameter>
          <spirit:name>ASSOCIATED_RESET</spirit:name>
          <spirit:value spirit:id="BUSIFPARAM_VALUE.S00_AXI_CLK.ASSOCIATED_RESET">s00_axi_aresetn</spirit:value>
        </spirit:parameter>
      </spirit:parameters>
    </spirit:busInterface>
    <spirit:busInterface>
      <spirit:name>bram_a</spirit:name>
      <spirit:busType spirit:vendor="xilinx.com" spirit:library="interface" spirit:name="bram" spirit:version="1.0"/>
      <spirit:abstractionType spirit:vendor="xilinx.com" spirit:library="interface" spirit:name="bram_rtl" spirit:version="1.0"/>
      <spirit:master/>
      <spirit:portMaps>
        <spirit:portMap>
          <spirit:logicalPort>
            <spirit:name>DIN</spirit:name>
          </spirit:logicalPort>
          <spirit:physicalPort>
            <spirit:name>bram_wdata_a</spirit:name>
          </spirit:physicalPort>
        </spirit:portMap>
        <spirit:portMap>
          <spirit:logicalPort>
            <spirit:name>EN</spirit:name>
          </spirit:logicalPort>
          <spirit:physicalPort>
            <spirit:name>bram_en_a</spirit:name>
          </spirit:physicalPort>
        </spirit:portMap>
        <spirit:portMap>
          <spirit:logicalPort>
            <spirit:name>DOUT</spirit:name>
          </spirit:logicalPort>
          <spirit:physicalPort>
            <spirit:name>bram_rdata_a</spirit:name>
          </spirit:physicalPort>
        </spirit:portMap>
        <spirit:portMap>
          <spirit:logicalPort>
            <spirit:name>WE</spirit:name>
          </spirit:logicalPort>
          <spirit:physicalPort>
            <spirit:name>bram_we_a</spirit:name>
          </spirit:physicalPort>
        </spirit:portMap>
        <spirit:portMap>
          <spirit:logicalPort>
            <spirit:name>ADDR</spirit:name>
          </spirit:logicalPort>
          <spirit:physicalPort>
            <spirit:name>bram_addr_a</spirit:name>
          </spirit:physicalPort>
        </spirit:portMap>
      </spirit:portMaps>
    </spirit:busInterface>
    <spirit:busInterface>
      <spirit:name>bram_b</spirit:name>
      <spirit:busType spirit:vendor="xilinx.com" spirit:library="interface" spirit:name="bram" spirit:version="1.0"/>
      <spirit:abstractionType spirit:vendor="xilinx.com" spirit:library="interface" spirit:name="bram_rtl" spirit:version="1.0"/>
      <spirit:master/>
      <spirit:portMaps>
        <spirit:portMap>
          <spirit:logicalPort>
            <spirit:name>DIN</spirit:name>
          </spirit:logicalPort>
          <spirit:physicalPort>
            <spirit:name>bram_wdata_b</spirit:name>
          </spirit:physicalPort>
        </spirit:portMap>
        <spirit:portMap>
          <spirit:logicalPort>
            <spirit:name>EN</spirit:name>
          </spirit:logicalPort>
          <spirit:physicalPort>
            <spirit:name>bram_en_b</spirit:name>
          </spirit:physicalPort>
        </spirit:portMap>
        <spirit:portMap>
          <spirit:logicalPort>
            <spirit:name>DOUT</spirit:name>
          </spirit:logicalPort>
          <spirit:physicalPort>
            <spirit:name>bram_rdata_b</spirit:name>
          </spirit:physicalPort>
        </spirit:portMap>
        <spirit:portMap>
          <spirit:logicalPort>
            <spirit:name>WE</spirit:name>
          </spirit:logicalPort>
          <spirit:physicalPort>
            <spirit:name>bram_we_b</spirit:name>
          </spirit:physicalPort>
        </spirit:portMap>
        <spirit:portMap>
          <spirit:logicalPort>
            <spirit:name>ADDR</spirit:name>
          </spirit:logicalPort>
          <spirit:physicalPort>
            <spirit:name>bram_addr_b</spirit:name>
          </spirit:physicalPort>
        </spirit:portMap>
      </spirit:portMaps>
    </spirit:busInterface>
    <spirit:busInterface>
      <spirit:name>bram_c</spirit:name>
      <spirit:busType spirit:vendor="xilinx.com" spirit:library="interface" spirit:name="bram" spirit:version="1.0"/>
      <spirit:abstractionType spirit:vendor="xilinx.com" spirit:library="interface" spirit:name="bram_rtl" spirit:version="1.0"/>
      <spirit:master/>
      <spirit:portMaps>
        <spirit:portMap>
          <spirit:logicalPort>
            <spirit:name>DIN</spirit:name>
          </spirit:logicalPort>
          <spirit:physicalPort>
            <spirit:name>bram_wdata_c</spirit:name>
          </spirit:physicalPort>
        </spirit:portMap>
        <spirit:portMap>
          <spirit:logicalPort>
            <spirit:name>EN</spirit:name>
          </spirit:logicalPort>
          <spirit:physicalPort>
            <spirit:name>bram_en_c</spirit:name>
          </spirit:physicalPort>
        </spirit:portMap>
        <spirit:portMap>
          <spirit:logicalPort>
            <spirit:name>DOUT</spirit:name>
          </spirit:logicalPort>
          <spirit:physicalPort>
            <spirit:name>bram_rdata_c</spirit:name>
          </spirit:physicalPort>
        </spirit:portMap>
        <spirit:portMap>
          <spirit:logicalPort>
            <spirit:name>WE</spirit:name>
          </spirit:logicalPort>
          <spirit:physicalPort>
            <spirit:name>bram_we_c</spirit:name>
          </spirit:physicalPort>
        </spirit:portMap>
        <spirit:portMap>
          <spirit:logicalPort>
            <spirit:name>ADDR</spirit:name>
          </spirit:logicalPort>
          <spirit:physicalPort>
            <spirit:name>bram_addr_c</spirit:name>
          </spirit:physicalPort>
        </spirit:portMap>
      </spirit:portMaps>
    </spirit:busInterface>
  </spirit:busInterfaces>
  <spirit:memoryMaps>
    <spirit:memoryMap>
      <spirit:name>S00_AXI</spirit:name>
      <spirit:addressBlock>
        <spirit:name>S00_AXI_reg</spirit:name>
        <spirit:baseAddress spirit:format="long" spirit:resolve="user">0</spirit:baseAddress>
        <spirit:range spirit:format="long">4096</spirit:range>
        <spirit:width spirit:format="long">32</spirit:width>
        <spirit:usage>register</spirit:usage>
        <spirit:parameters>
          <spirit:parameter>
            <spirit:name>OFFSET_BASE_PARAM</spirit:name>
            <spirit:value spirit:id="ADDRBLOCKPARAM_VALUE.S00_AXI.S00_AXI_REG.OFFSET_BASE_PARAM">C_S00_AXI_BASEADDR</spirit:value>
          </spirit:parameter>
          <spirit:parameter>
            <spirit:name>OFFSET_HIGH_PARAM</spirit:name>
            <spirit:value spirit:id="ADDRBLOCKPARAM_VALUE.S00_AXI.S00_AXI_REG.OFFSET_HIGH_PARAM">C_S00_AXI_HIGHADDR</spirit:value>
          </spirit:parameter>
        </spirit:parameters>
      </spirit:addressBlock>
    </spirit:memoryMap>
  </spirit:memoryMaps>
  <spirit:model>
    <spirit:views>
      <spirit:view>
        <spirit:name>xilinx_verilogsynthesis</spirit:name>
        <spirit:displayName>Verilog Synthesis</spirit:displayName>
        <spirit:envIdentifier>verilogSource:vivado.xilinx.com:synthesis</spirit:envIdentifier>
        <spirit:language>verilog</spirit:language>
        <spirit:modelName>matmul_v1_0</spirit:modelName>
        <spirit:fileSetRef>
          <spirit:localName>xilinx_verilogsynthesis_view_fileset</spirit:localName>
        </spirit:fileSetRef>
        <spirit:parameters>
          <spirit:parameter>
            <spirit:name>viewChecksum</spirit:name>
            <spirit:value>9243d5e4</spirit:value>
          </spirit:parameter>
        </spirit:parameters>
      </spirit:view>
      <spirit:view>
        <spirit:name>xilinx_verilogbehavioralsimulation</spirit:name>
        <spirit:displayName>Verilog Simulation</spirit:displayName>
        <spirit:envIdentifier>verilogSource:vivado.xilinx.com:simulation</spirit:envIdentifier>
        <spirit:language>verilog</spirit:language>
        <spirit:modelName>matmul_v1_0</spirit:modelName>
        <spirit:fileSetRef>
          <spirit:localName>xilinx_verilogbehavioralsimulation_view_fileset</spirit:localName>
        </spirit:fileSetRef>
        <spirit:parameters>
          <spirit:parameter>
            <spirit:name>viewChecksum</spirit:name>
            <spirit:value>9243d5e4</spirit:value>
          </spirit:parameter>
        </spirit:parameters>
      </spirit:view>
      <spirit:view>
        <spirit:name>xilinx_softwaredriver</spirit:name>
        <spirit:displayName>Software Driver</spirit:displayName>
        <spirit:envIdentifier>:vivado.xilinx.com:sw.driver</spirit:envIdentifier>
        <spirit:fileSetRef>
          <spirit:localName>xilinx_softwaredriver_view_fileset</spirit:localName>
        </spirit:fileSetRef>
        <spirit:parameters>
          <spirit:parameter>
            <spirit:name>viewChecksum</spirit:name>
            <spirit:value>034d3343</spirit:value>
          </spirit:parameter>
        </spirit:parameters>
      </spirit:view>
      <spirit:view>
        <spirit:name>xilinx_xpgui</spirit:name>
        <spirit:displayName>UI Layout</spirit:displayName>
        <spirit:envIdentifier>:vivado.xilinx.com:xgui.ui</spirit:envIdentifier>
        <spirit:fileSetRef>
          <spirit:localName>xilinx_xpgui_view_fileset</spirit:localName>
        </spirit:fileSetRef>
        <spirit:parameters>
          <spirit:parameter>
            <spirit:name>viewChecksum</spirit:name>
            <spirit:value>0e5443b4</spirit:value>
          </spirit:parameter>
        </spirit:parameters>
      </spirit:view>
      <spirit:view>
        <spirit:name>bd_tcl</spirit:name>
        <spirit:displayName>Block Diagram</spirit:displayName>
        <spirit:envIdentifier>:vivado.xilinx.com:block.diagram</spirit:envIdentifier>
        <spirit:fileSetRef>
          <spirit:localName>bd_tcl_view_fileset</spirit:localName>
        </spirit:fileSetRef>
        <spirit:parameters>
          <spirit:parameter>
            <spirit:name>viewChecksum</spirit:name>
            <spirit:value>16328387</spirit:value>
          </spirit:parameter>
        </spirit:parameters>
      </spirit:view>
    </spirit:views>
    <spirit:ports>
      <spirit:port>
        <spirit:name>bram_addr_a</spirit:name>
        <spirit:wire>
          <spirit:direction>out</spirit:direction>
          <spirit:vector>
            <spirit:left spirit:format="long">14</spirit:left>
            <spirit:right spirit:format="long">0</spirit:right>
          </spirit:vector>
          <spirit:wireTypeDefs>
            <spirit:wireTypeDef>
              <spirit:typeName>wire</spirit:typeName>
              <spirit:viewNameRef>xilinx_verilogsynthesis</spirit:viewNameRef>
              <spirit:viewNameRef>xilinx_verilogbehavioralsimulation</spirit:viewNameRef>
            </spirit:wireTypeDef>
          </spirit:wireTypeDefs>
        </spirit:wire>
      </spirit:port>
      <spirit:port>
        <spirit:name>bram_rdata_a</spirit:name>
        <spirit:wire>
          <spirit:direction>in</spirit:direction>
          <spirit:vector>
            <spirit:left spirit:format="long">63</spirit:left>
            <spirit:right spirit:format="long">0</spirit:right>
          </spirit:vector>
          <spirit:wireTypeDefs>
            <spirit:wireTypeDef>
              <spirit:typeName>wire</spirit:typeName>
              <spirit:viewNameRef>xilinx_verilogsynthesis</spirit:viewNameRef>
              <spirit:viewNameRef>xilinx_verilogbehavioralsimulation</spirit:viewNameRef>
            </spirit:wireTypeDef>
          </spirit:wireTypeDefs>
        </spirit:wire>
      </spirit:port>
      <spirit:port>
        <spirit:name>bram_wdata_a</spirit:name>
        <spirit:wire>
          <spirit:direction>out</spirit:direction>
          <spirit:vector>
            <spirit:left spirit:format="long">63</spirit:left>
            <spirit:right spirit:format="long">0</spirit:right>
          </spirit:vector>
          <spirit:wireTypeDefs>
            <spirit:wireTypeDef>
              <spirit:typeName>wire</spirit:typeName>
              <spirit:viewNameRef>xilinx_verilogsynthesis</spirit:viewNameRef>
              <spirit:viewNameRef>xilinx_verilogbehavioralsimulation</spirit:viewNameRef>
            </spirit:wireTypeDef>
          </spirit:wireTypeDefs>
        </spirit:wire>
      </spirit:port>
      <spirit:port>
        <spirit:name>bram_we_a</spirit:name>
        <spirit:wire>
          <spirit:direction>out</spirit:direction>
          <spirit:vector>
            <spirit:left spirit:format="long">7</spirit:left>
            <spirit:right spirit:format="long">0</spirit:right>
          </spirit:vector>
          <spirit:wireTypeDefs>
            <spirit:wireTypeDef>
              <spirit:typeName>wire</spirit:typeName>
              <spirit:viewNameRef>xilinx_verilogsynthesis</spirit:viewNameRef>
              <spirit:viewNameRef>xilinx_verilogbehavioralsimulation</spirit:viewNameRef>
            </spirit:wireTypeDef>
          </spirit:wireTypeDefs>
        </spirit:wire>
      </spirit:port>
      <spirit:port>
        <spirit:name>bram_en_a</spirit:name>
        <spirit:wire>
          <spirit:direction>out</spirit:direction>
          <spirit:wireTypeDefs>
            <spirit:wireTypeDef>
              <spirit:typeName>wire</spirit:typeName>
              <spirit:viewNameRef>xilinx_verilogsynthesis</spirit:viewNameRef>
              <spirit:viewNameRef>xilinx_verilogbehavioralsimulation</spirit:viewNameRef>
            </spirit:wireTypeDef>
          </spirit:wireTypeDefs>
        </spirit:wire>
      </spirit:port>
      <spirit:port>
        <spirit:name>bram_addr_b</spirit:name>
        <spirit:wire>
          <spirit:direction>out</spirit:direction>
          <spirit:vector>
            <spirit:left spirit:format="long">14</spirit:left>
            <spirit:right spirit:format="long">0</spirit:right>
          </spirit:vector>
          <spirit:wireTypeDefs>
            <spirit:wireTypeDef>
              <spirit:typeName>wire</spirit:typeName>
              <spirit:viewNameRef>xilinx_verilogsynthesis</spirit:viewNameRef>
              <spirit:viewNameRef>xilinx_verilogbehavioralsimulation</spirit:viewNameRef>
            </spirit:wireTypeDef>
          </spirit:wireTypeDefs>
        </spirit:wire>
      </spirit:port>
      <spirit:port>
        <spirit:name>bram_rdata_b</spirit:name>
        <spirit:wire>
          <spirit:direction>in</spirit:direction>
          <spirit:vector>
            <spirit:left spirit:format="long">63</spirit:left>
            <spirit:right spirit:format="long">0</spirit:right>
          </spirit:vector>
          <spirit:wireTypeDefs>
            <spirit:wireTypeDef>
              <spirit:typeName>wire</spirit:typeName>
              <spirit:viewNameRef>xilinx_verilogsynthesis</spirit:viewNameRef>
              <spirit:viewNameRef>xilinx_verilogbehavioralsimulation</spirit:viewNameRef>
            </spirit:wireTypeDef>
          </spirit:wireTypeDefs>
        </spirit:wire>
      </spirit:port>
      <spirit:port>
        <spirit:name>bram_wdata_b</spirit:name>
        <spirit:wire>
          <spirit:direction>out</spirit:direction>
          <spirit:vector>
            <spirit:left spirit:format="long">63</spirit:left>
            <spirit:right spirit:format="long">0</spirit:right>
          </spirit:vector>
          <spirit:wireTypeDefs>
            <spirit:wireTypeDef>
              <spirit:typeName>wire</spirit:typeName>
              <spirit:viewNameRef>xilinx_verilogsynthesis</spirit:viewNameRef>
              <spirit:viewNameRef>xilinx_verilogbehavioralsimulation</spirit:viewNameRef>
            </spirit:wireTypeDef>
          </spirit:wireTypeDefs>
        </spirit:wire>
      </spirit:port>
      <spirit:port>
        <spirit:name>bram_we_b</spirit:name>
        <spirit:wire>
          <spirit:direction>out</spirit:direction>
          <spirit:vector>
            <spirit:left spirit:format="long">7</spirit:left>
            <spirit:right spirit:format="long">0</spirit:right>
          </spirit:vector>
          <spirit:wireTypeDefs>
            <spirit:wireTypeDef>
              <spirit:typeName>wire</spirit:typeName>
              <spirit:viewNameRef>xilinx_verilogsynthesis</spirit:viewNameRef>
              <spirit:viewNameRef>xilinx_verilogbehavioralsimulation</spirit:viewNameRef>
            </spirit:wireTypeDef>
          </spirit:wireTypeDefs>
        </spirit:wire>
      </spirit:port>
      <spirit:port>
        <spirit:name>bram_en_b</spirit:name>
        <spirit:wire>
          <spirit:direction>out</spirit:direction>
          <spirit:wireTypeDefs>
            <spirit:wireTypeDef>
              <spirit:typeName>wire</spirit:typeName>
              <spirit:viewNameRef>xilinx_verilogsynthesis</spirit:viewNameRef>
              <spirit:viewNameRef>xilinx_verilogbehavioralsimulation</spirit:viewNameRef>
            </spirit:wireTypeDef>
          </spirit:wireTypeDefs>
        </spirit:wire>
      </spirit:port>
      <spirit:port>
        <spirit:name>bram_addr_c</spirit:name>
        <spirit:wire>
          <spirit:direction>out</spirit:direction>
          <spirit:vector>
            <spirit:left spirit:format="long">14</spirit:left>
            <spirit:right spirit:format="long">0</spirit:right>
          </spirit:vector>
          <spirit:wireTypeDefs>
            <spirit:wireTypeDef>
              <spirit:typeName>wire</spirit:typeName>
              <spirit:viewNameRef>xilinx_verilogsynthesis</spirit:viewNameRef>
              <spirit:viewNameRef>xilinx_verilogbehavioralsimulation</spirit:viewNameRef>
            </spirit:wireTypeDef>
          </spirit:wireTypeDefs>
        </spirit:wire>
      </spirit:port>
      <spirit:port>
        <spirit:name>bram_rdata_c</spirit:name>
        <spirit:wire>
          <spirit:direction>in</spirit:direction>
          <spirit:vector>
            <spirit:left spirit:format="long">63</spirit:left>
            <spirit:right spirit:format="long">0</spirit:right>
          </spirit:vector>
          <spirit:wireTypeDefs>
            <spirit:wireTypeDef>
              <spirit:typeName>wire</spirit:typeName>
              <spirit:viewNameRef>xilinx_verilogsynthesis</spirit:viewNameRef>
              <spirit:viewNameRef>xilinx_verilogbehavioralsimulation</spirit:viewNameRef>
            </spirit:wireTypeDef>
          </spirit:wireTypeDefs>
        </spirit:wire>
      </spirit:port>
      <spirit:port>
        <spirit:name>bram_wdata_c</spirit:name>
        <spirit:wire>
          <spirit:direction>out</spirit:direction>
          <spirit:vector>
            <spirit:left spirit:format="long">63</spirit:left>
            <spirit:right spirit:format="long">0</spirit:right>
          </spirit:vector>
          <spirit:wireTypeDefs>
            <spirit:wireTypeDef>
              <spirit:typeName>wire</spirit:typeName>
              <spirit:viewNameRef>xilinx_verilogsynthesis</spirit:viewNameRef>
              <spirit:viewNameRef>xilinx_verilogbehavioralsimulation</spirit:viewNameRef>
            </spirit:wireTypeDef>
          </spirit:wireTypeDefs>
        </spirit:wire>
      </spirit:port>
      <spirit:port>
        <spirit:name>bram_we_c</spirit:name>
        <spirit:wire>
          <spirit:direction>out</spirit:direction>
          <spirit:vector>
            <spirit:left spirit:format="long">7</spirit:left>
            <spirit:right spirit:format="long">0</spirit:right>
          </spirit:vector>
          <spirit:wireTypeDefs>
            <spirit:wireTypeDef>
              <spirit:typeName>wire</spirit:typeName>
              <spirit:viewNameRef>xilinx_verilogsynthesis</spirit:viewNameRef>
              <spirit:viewNameRef>xilinx_verilogbehavioralsimulation</spirit:viewNameRef>
            </spirit:wireTypeDef>
          </spirit:wireTypeDefs>
        </spirit:wire>
      </spirit:port>
      <spirit:port>
        <spirit:name>bram_en_c</spirit:name>
        <spirit:wire>
          <spirit:direction>out</spirit:direction>
          <spirit:wireTypeDefs>
            <spirit:wireTypeDef>
              <spirit:typeName>wire</spirit:typeName>
              <spirit:viewNameRef>xilinx_verilogsynthesis</spirit:viewNameRef>
              <spirit:viewNameRef>xilinx_verilogbehavioralsimulation</spirit:viewNameRef>
            </spirit:wireTypeDef>
          </spirit:wireTypeDefs>
        </spirit:wire>
      </spirit:port>
      <spirit:port>
        <spirit:name>s00_axi_aclk</spirit:name>
        <spirit:wire>
          <spirit:direction>in</spirit:direction>
          <spirit:wireTypeDefs>
            <spirit:wireTypeDef>
              <spirit:typeName>wire</spirit:typeName>
              <spirit:viewNameRef>xilinx_verilogsynthesis</spirit:viewNameRef>
              <spirit:viewNameRef>xilinx_verilogbehavioralsimulation</spirit:viewNameRef>
            </spirit:wireTypeDef>
          </spirit:wireTypeDefs>
        </spirit:wire>
      </spirit:port>
      <spirit:port>
        <spirit:name>s00_axi_aresetn</spirit:name>
        <spirit:wire>
          <spirit:direction>in</spirit:direction>
          <spirit:wireTypeDefs>
            <spirit:wireTypeDef>
              <spirit:typeName>wire</spirit:typeName>
              <spirit:viewNameRef>xilinx_verilogsynthesis</spirit:viewNameRef>
              <spirit:viewNameRef>xilinx_verilogbehavioralsimulation</spirit:viewNameRef>
            </spirit:wireTypeDef>
          </spirit:wireTypeDefs>
        </spirit:wire>
      </spirit:port>
      <spirit:port>
        <spirit:name>s00_axi_awaddr</spirit:name>
        <spirit:wire>
          <spirit:direction>in</spirit:direction>
          <spirit:vector>
            <spirit:left spirit:format="long" spirit:resolve="dependent" spirit:dependency="(spirit:decode(id(&apos;MODELPARAM_VALUE.C_S00_AXI_ADDR_WIDTH&apos;)) - 1)">5</spirit:left>
            <spirit:right spirit:format="long">0</spirit:right>
          </spirit:vector>
          <spirit:wireTypeDefs>
            <spirit:wireTypeDef>
              <spirit:typeName>wire</spirit:typeName>
              <spirit:viewNameRef>xilinx_verilogsynthesis</spirit:viewNameRef>
              <spirit:viewNameRef>xilinx_verilogbehavioralsimulation</spirit:viewNameRef>
            </spirit:wireTypeDef>
          </spirit:wireTypeDefs>
        </spirit:wire>
      </spirit:port>
      <spirit:port>
        <spirit:name>s00_axi_awprot</spirit:name>
        <spirit:wire>
          <spirit:direction>in</spirit:direction>
          <spirit:vector>
            <spirit:left spirit:format="long">2</spirit:left>
            <spirit:right spirit:format="long">0</spirit:right>
          </spirit:vector>
          <spirit:wireTypeDefs>
            <spirit:wireTypeDef>
              <spirit:typeName>wire</spirit:typeName>
              <spirit:viewNameRef>xilinx_verilogsynthesis</spirit:viewNameRef>
              <spirit:viewNameRef>xilinx_verilogbehavioralsimulation</spirit:viewNameRef>
            </spirit:wireTypeDef>
          </spirit:wireTypeDefs>
        </spirit:wire>
      </spirit:port>
      <spirit:port>
        <spirit:name>s00_axi_awvalid</spirit:name>
        <spirit:wire>
          <spirit:direction>in</spirit:direction>
          <spirit:wireTypeDefs>
            <spirit:wireTypeDef>
              <spirit:typeName>wire</spirit:typeName>
              <spirit:viewNameRef>xilinx_verilogsynthesis</spirit:viewNameRef>
              <spirit:viewNameRef>xilinx_verilogbehavioralsimulation</spirit:viewNameRef>
            </spirit:wireTypeDef>
          </spirit:wireTypeDefs>
        </spirit:wire>
      </spirit:port>
      <spirit:port>
        <spirit:name>s00_axi_awready</spirit:name>
        <spirit:wire>
          <spirit:direction>out</spirit:direction>
          <spirit:wireTypeDefs>
            <spirit:wireTypeDef>
              <spirit:typeName>wire</spirit:typeName>
              <spirit:viewNameRef>xilinx_verilogsynthesis</spirit:viewNameRef>
              <spirit:viewNameRef>xilinx_verilogbehavioralsimulation</spirit:viewNameRef>
            </spirit:wireTypeDef>
          </spirit:wireTypeDefs>
        </spirit:wire>
      </spirit:port>
      <spirit:port>
        <spirit:name>s00_axi_wdata</spirit:name>
        <spirit:wire>
          <spirit:direction>in</spirit:direction>
          <spirit:vector>
            <spirit:left spirit:format="long" spirit:resolve="dependent" spirit:dependency="(spirit:decode(id(&apos;MODELPARAM_VALUE.C_S00_AXI_DATA_WIDTH&apos;)) - 1)">31</spirit:left>
            <spirit:right spirit:format="long">0</spirit:right>
          </spirit:vector>
          <spirit:wireTypeDefs>
            <spirit:wireTypeDef>
              <spirit:typeName>wire</spirit:typeName>
              <spirit:viewNameRef>xilinx_verilogsynthesis</spirit:viewNameRef>
              <spirit:viewNameRef>xilinx_verilogbehavioralsimulation</spirit:viewNameRef>
            </spirit:wireTypeDef>
          </spirit:wireTypeDefs>
        </spirit:wire>
      </spirit:port>
      <spirit:port>
        <spirit:name>s00_axi_wstrb</spirit:name>
        <spirit:wire>
          <spirit:direction>in</spirit:direction>
          <spirit:vector>
            <spirit:left spirit:format="long" spirit:resolve="dependent" spirit:dependency="((spirit:decode(id(&apos;MODELPARAM_VALUE.C_S00_AXI_DATA_WIDTH&apos;)) / 8) - 1)">3</spirit:left>
            <spirit:right spirit:format="long">0</spirit:right>
          </spirit:vector>
          <spirit:wireTypeDefs>
            <spirit:wireTypeDef>
              <spirit:typeName>wire</spirit:typeName>
              <spirit:viewNameRef>xilinx_verilogsynthesis</spirit:viewNameRef>
              <spirit:viewNameRef>xilinx_verilogbehavioralsimulation</spirit:viewNameRef>
            </spirit:wireTypeDef>
          </spirit:wireTypeDefs>
        </spirit:wire>
      </spirit:port>
      <spirit:port>
        <spirit:name>s00_axi_wvalid</spirit:name>
        <spirit:wire>
          <spirit:direction>in</spirit:direction>
          <spirit:wireTypeDefs>
            <spirit:wireTypeDef>
              <spirit:typeName>wire</spirit:typeName>
              <spirit:viewNameRef>xilinx_verilogsynthesis</spirit:viewNameRef>
              <spirit:viewNameRef>xilinx_verilogbehavioralsimulation</spirit:viewNameRef>
            </spirit:wireTypeDef>
          </spirit:wireTypeDefs>
        </spirit:wire>
      </spirit:port>
      <spirit:port>
        <spirit:name>s00_axi_wready</spirit:name>
        <spirit:wire>
          <spirit:direction>out</spirit:direction>
          <spirit:wireTypeDefs>
            <spirit:wireTypeDef>
              <spirit:typeName>wire</spirit:typeName>
              <spirit:viewNameRef>xilinx_verilogsynthesis</spirit:viewNameRef>
              <spirit:viewNameRef>xilinx_verilogbehavioralsimulation</spirit:viewNameRef>
            </spirit:wireTypeDef>
          </spirit:wireTypeDefs>
        </spirit:wire>
      </spirit:port>
      <spirit:port>
        <spirit:name>s00_axi_bresp</spirit:name>
        <spirit:wire>
          <spirit:direction>out</spirit:direction>
          <spirit:vector>
            <spirit:left spirit:format="long">1</spirit:left>
            <spirit:right spirit:format="long">0</spirit:right>
          </spirit:vector>
          <spirit:wireTypeDefs>
            <spirit:wireTypeDef>
              <spirit:typeName>wire</spirit:typeName>
              <spirit:viewNameRef>xilinx_verilogsynthesis</spirit:viewNameRef>
              <spirit:viewNameRef>xilinx_verilogbehavioralsimulation</spirit:viewNameRef>
            </spirit:wireTypeDef>
          </spirit:wireTypeDefs>
        </spirit:wire>
      </spirit:port>
      <spirit:port>
        <spirit:name>s00_axi_bvalid</spirit:name>
        <spirit:wire>
          <spirit:direction>out</spirit:direction>
          <spirit:wireTypeDefs>
            <spirit:wireTypeDef>
              <spirit:typeName>wire</spirit:typeName>
              <spirit:viewNameRef>xilinx_verilogsynthesis</spirit:viewNameRef>
              <spirit:viewNameRef>xilinx_verilogbehavioralsimulation</spirit:viewNameRef>
            </spirit:wireTypeDef>
          </spirit:wireTypeDefs>
        </spirit:wire>
      </spirit:port>
      <spirit:port>
        <spirit:name>s00_axi_bready</spirit:name>
        <spirit:wire>
          <spirit:direction>in</spirit:direction>
          <spirit:wireTypeDefs>
            <spirit:wireTypeDef>
              <spirit:typeName>wire</spirit:typeName>
              <spirit:viewNameRef>xilinx_verilogsynthesis</spirit:viewNameRef>
              <spirit:viewNameRef>xilinx_verilogbehavioralsimulation</spirit:viewNameRef>
            </spirit:wireTypeDef>
          </spirit:wireTypeDefs>
        </spirit:wire>
      </spirit:port>
      <spirit:port>
        <spirit:name>s00_axi_araddr</spirit:name>
        <spirit:wire>
          <spirit:direction>in</spirit:direction>
          <spirit:vector>
            <spirit:left spirit:format="long" spirit:resolve="dependent" spirit:dependency="(spirit:decode(id(&apos;MODELPARAM_VALUE.C_S00_AXI_ADDR_WIDTH&apos;)) - 1)">5</spirit:left>
            <spirit:right spirit:format="long">0</spirit:right>
          </spirit:vector>
          <spirit:wireTypeDefs>
            <spirit:wireTypeDef>
              <spirit:typeName>wire</spirit:typeName>
              <spirit:viewNameRef>xilinx_verilogsynthesis</spirit:viewNameRef>
              <spirit:viewNameRef>xilinx_verilogbehavioralsimulation</spirit:viewNameRef>
            </spirit:wireTypeDef>
          </spirit:wireTypeDefs>
        </spirit:wire>
      </spirit:port>
      <spirit:port>
        <spirit:name>s00_axi_arprot</spirit:name>
        <spirit:wire>
          <spirit:direction>in</spirit:direction>
          <spirit:vector>
            <spirit:left spirit:format="long">2</spirit:left>
            <spirit:right spirit:format="long">0</spirit:right>
          </spirit:vector>
          <spirit:wireTypeDefs>
            <spirit:wireTypeDef>
              <spirit:typeName>wire</spirit:typeName>
              <spirit:viewNameRef>xilinx_verilogsynthesis</spirit:viewNameRef>
              <spirit:viewNameRef>xilinx_verilogbehavioralsimulation</spirit:viewNameRef>
            </spirit:wireTypeDef>
          </spirit:wireTypeDefs>
        </spirit:wire>
      </spirit:port>
      <spirit:port>
        <spirit:name>s00_axi_arvalid</spirit:name>
        <spirit:wire>
          <spirit:direction>in</spirit:direction>
          <spirit:wireTypeDefs>
            <spirit:wireTypeDef>
              <spirit:typeName>wire</spirit:typeName>
              <spirit:viewNameRef>xilinx_verilogsynthesis</spirit:viewNameRef>
              <spirit:viewNameRef>xilinx_verilogbehavioralsimulation</spirit:viewNameRef>
            </spirit:wireTypeDef>
          </spirit:wireTypeDefs>
        </spirit:wire>
      </spirit:port>
      <spirit:port>
        <spirit:name>s00_axi_arready</spirit:name>
        <spirit:wire>
          <spirit:direction>out</spirit:direction>
          <spirit:wireTypeDefs>
            <spirit:wireTypeDef>
              <spirit:typeName>wire</spirit:typeName>
              <spirit:viewNameRef>xilinx_verilogsynthesis</spirit:viewNameRef>
              <spirit:viewNameRef>xilinx_verilogbehavioralsimulation</spirit:viewNameRef>
            </spirit:wireTypeDef>
          </spirit:wireTypeDefs>
        </spirit:wire>
      </spirit:port>
      <spirit:port>
        <spirit:name>s00_axi_rdata</spirit:name>
        <spirit:wire>
          <spirit:direction>out</spirit:direction>
          <spirit:vector>
            <spirit:left spirit:format="long" spirit:resolve="dependent" spirit:dependency="(spirit:decode(id(&apos;MODELPARAM_VALUE.C_S00_AXI_DATA_WIDTH&apos;)) - 1)">31</spirit:left>
            <spirit:right spirit:format="long">0</spirit:right>
          </spirit:vector>
          <spirit:wireTypeDefs>
            <spirit:wireTypeDef>
              <spirit:typeName>wire</spirit:typeName>
              <spirit:viewNameRef>xilinx_verilogsynthesis</spirit:viewNameRef>
              <spirit:viewNameRef>xilinx_verilogbehavioralsimulation</spirit:viewNameRef>
            </spirit:wireTypeDef>
          </spirit:wireTypeDefs>
        </spirit:wire>
      </spirit:port>
      <spirit:port>
        <spirit:name>s00_axi_rresp</spirit:name>
        <spirit:wire>
          <spirit:direction>out</spirit:direction>
          <spirit:vector>
            <spirit:left spirit:format="long">1</spirit:left>
            <spirit:right spirit:format="long">0</spirit:right>
          </spirit:vector>
          <spirit:wireTypeDefs>
            <spirit:wireTypeDef>
              <spirit:typeName>wire</spirit:typeName>
              <spirit:viewNameRef>xilinx_verilogsynthesis</spirit:viewNameRef>
              <spirit:viewNameRef>xilinx_verilogbehavioralsimulation</spirit:viewNameRef>
            </spirit:wireTypeDef>
          </spirit:wireTypeDefs>
        </spirit:wire>
      </spirit:port>
      <spirit:port>
        <spirit:name>s00_axi_rvalid</spirit:name>
        <spirit:wire>
          <spirit:direction>out</spirit:direction>
          <spirit:wireTypeDefs>
            <spirit:wireTypeDef>
              <spirit:typeName>wire</spirit:typeName>
              <spirit:viewNameRef>xilinx_verilogsynthesis</spirit:viewNameRef>
              <spirit:viewNameRef>xilinx_verilogbehavioralsimulation</spirit:viewNameRef>
            </spirit:wireTypeDef>
          </spirit:wireTypeDefs>
        </spirit:wire>
      </spirit:port>
      <spirit:port>
        <spirit:name>s00_axi_rready</spirit:name>
        <spirit:wire>
          <spirit:direction>in</spirit:direction>
          <spirit:wireTypeDefs>
            <spirit:wireTypeDef>
              <spirit:typeName>wire</spirit:typeName>
              <spirit:viewNameRef>xilinx_verilogsynthesis</spirit:viewNameRef>
              <spirit:viewNameRef>xilinx_verilogbehavioralsimulation</spirit:viewNameRef>
            </spirit:wireTypeDef>
          </spirit:wireTypeDefs>
        </spirit:wire>
      </spirit:port>
    </spirit:ports>
    <spirit:modelParameters>
      <spirit:modelParameter xsi:type="spirit:nameValueTypeType" spirit:dataType="integer">
        <spirit:name>C_S00_AXI_DATA_WIDTH</spirit:name>
        <spirit:displayName>C S00 AXI DATA WIDTH</spirit:displayName>
        <spirit:description>Width of S_AXI data bus</spirit:description>
        <spirit:value spirit:format="long" spirit:resolve="generated" spirit:id="MODELPARAM_VALUE.C_S00_AXI_DATA_WIDTH" spirit:order="3" spirit:rangeType="long">32</spirit:value>
      </spirit:modelParameter>
      <spirit:modelParameter spirit:dataType="integer">
        <spirit:name>C_S00_AXI_ADDR_WIDTH</spirit:name>
        <spirit:displayName>C S00 AXI ADDR WIDTH</spirit:displayName>
        <spirit:description>Width of S_AXI address bus</spirit:description>
        <spirit:value spirit:format="long" spirit:resolve="generated" spirit:id="MODELPARAM_VALUE.C_S00_AXI_ADDR_WIDTH" spirit:order="4" spirit:rangeType="long">6</spirit:value>
      </spirit:modelParameter>
    </spirit:modelParameters>
  </spirit:model>
  <spirit:choices>
    <spirit:choice>
      <spirit:name>choice_list_6fc15197</spirit:name>
      <spirit:enumeration>32</spirit:enumeration>
    </spirit:choice>
    <spirit:choice>
      <spirit:name>choice_list_9d8b0d81</spirit:name>
      <spirit:enumeration>ACTIVE_HIGH</spirit:enumeration>
      <spirit:enumeration>ACTIVE_LOW</spirit:enumeration>
    </spirit:choice>
    <spirit:choice>
      <spirit:name>choice_pairs_ce1226b1</spirit:name>
      <spirit:enumeration spirit:text="true">1</spirit:enumeration>
      <spirit:enumeration spirit:text="false">0</spirit:enumeration>
    </spirit:choice>
  </spirit:choices>
  <spirit:fileSets>
    <spirit:fileSet>
      <spirit:name>xilinx_verilogsynthesis_view_fileset</spirit:name>
      <spirit:file>
        <spirit:name>hdl/matmul_4x4.v</spirit:name>
        <spirit:fileType>verilogSource</spirit:fileType>
      </spirit:file>
      <spirit:file>
        <spirit:name>hdl/matmul_v1_0_S00_AXI.v</spirit:name>
        <spirit:fileType>verilogSource</spirit:fileType>
      </spirit:file>
      <spirit:file>
        <spirit:name>hdl/matmul_v1_0.v</spirit:name>
        <spirit:fileType>verilogSource</spirit:fileType>
        <spirit:userFileType>CHECKSUM_c397b160</spirit:userFileType>
      </spirit:file>
    </spirit:fileSet>
    <spirit:fileSet>
      <spirit:name>xilinx_verilogbehavioralsimulation_view_fileset</spirit:name>
      <spirit:file>
        <spirit:name>hdl/matmul_4x4.v</spirit:name>
        <spirit:fileType>verilogSource</spirit:fileType>
      </spirit:file>
      <spirit:file>
        <spirit:name>hdl/matmul_v1_0_S00_AXI.v</spirit:name>
        <spirit:fileType>verilogSource</spirit:fileType>
      </spirit:file>
      <spirit:file>
        <spirit:name>hdl/matmul_v1_0.v</spirit:name>
        <spirit:fileType>verilogSource</spirit:fileType>
      </spirit:file>
    </spirit:fileSet>
    <spirit:fileSet>
      <spirit:name>xilinx_softwaredriver_view_fileset</spirit:name>
      <spirit:file>
        <spirit:name>drivers/matmul_v1_0/data/matmul.mdd</spirit:name>
        <spirit:userFileType>mdd</spirit:userFileType>
        <spirit:userFileType>driver_mdd</spirit:userFileType>
      </spirit:file>
      <spirit:file>
        <spirit:name>drivers/matmul_v1_0/data/matmul.tcl</spirit:name>
        <spirit:fileType>tclSource</spirit:fileType>
        <spirit:userFileType>driver_tcl</spirit:userFileType>
      </spirit:file>
      <spirit:file>
        <spirit:name>drivers/matmul_v1_0/src/Makefile</spirit:name>
        <spirit:userFileType>driver_src</spirit:userFileType>
      </spirit:file>
      <spirit:file>
        <spirit:name>drivers/matmul_v1_0/src/matmul.h</spirit:name>
        <spirit:fileType>cSource</spirit:fileType>
        <spirit:userFileType>driver_src</spirit:userFileType>
      </spirit:file>
      <spirit:file>
        <spirit:name>drivers/matmul_v1_0/src/matmul.c</spirit:name>
        <spirit:fileType>cSource</spirit:fileType>
        <spirit:userFileType>driver_src</spirit:userFileType>
      </spirit:file>
      <spirit:file>
        <spirit:name>drivers/matmul_v1_0/src/matmul_selftest.c</spirit:name>
        <spirit:fileType>cSource</spirit:fileType>
        <spirit:userFileType>driver_src</spirit:userFileType>
      </spirit:file>
    </spirit:fileSet>
    <spirit:fileSet>
      <spirit:name>xilinx_xpgui_view_fileset</spirit:name>
      <spirit:file>
        <spirit:name>xgui/matmul_v1_0.tcl</spirit:name>
        <spirit:fileType>tclSource</spirit:fileType>
        <spirit:userFileType>CHECKSUM_0e5443b4</spirit:userFileType>
        <spirit:userFileType>XGUI_VERSION_2</spirit:userFileType>
      </spirit:file>
    </spirit:fileSet>
    <spirit:fileSet>
      <spirit:name>bd_tcl_view_fileset</spirit:name>
      <spirit:file>
        <spirit:name>bd/bd.tcl</spirit:name>
        <spirit:fileType>tclSource</spirit:fileType>
      </spirit:file>
    </spirit:fileSet>
  </spirit:fileSets>
  <spirit:description>My new AXI IP</spirit:description>
  <spirit:parameters>
    <spirit:parameter>
      <spirit:name>C_S00_AXI_DATA_WIDTH</spirit:name>
      <spirit:displayName>C S00 AXI DATA WIDTH</spirit:displayName>
      <spirit:description>Width of S_AXI data bus</spirit:description>
      <spirit:value spirit:format="long" spirit:resolve="user" spirit:id="PARAM_VALUE.C_S00_AXI_DATA_WIDTH" spirit:choiceRef="choice_list_6fc15197" spirit:order="3">32</spirit:value>
      <spirit:vendorExtensions>
        <xilinx:parameterInfo>
          <xilinx:enablement>
            <xilinx:isEnabled xilinx:id="PARAM_ENABLEMENT.C_S00_AXI_DATA_WIDTH">false</xilinx:isEnabled>
          </xilinx:enablement>
        </xilinx:parameterInfo>
      </spirit:vendorExtensions>
    </spirit:parameter>
    <spirit:parameter>
      <spirit:name>C_S00_AXI_ADDR_WIDTH</spirit:name>
      <spirit:displayName>C S00 AXI ADDR WIDTH</spirit:displayName>
      <spirit:description>Width of S_AXI address bus</spirit:description>
      <spirit:value spirit:format="long" spirit:resolve="user" spirit:id="PARAM_VALUE.C_S00_AXI_ADDR_WIDTH" spirit:order="4" spirit:rangeType="long">6</spirit:value>
      <spirit:vendorExtensions>
        <xilinx:parameterInfo>
          <xilinx:enablement>
            <xilinx:isEnabled xilinx:id="PARAM_ENABLEMENT.C_S00_AXI_ADDR_WIDTH">false</xilinx:isEnabled>
          </xilinx:enablement>
        </xilinx:parameterInfo>
      </spirit:vendorExtensions>
    </spirit:parameter>
    <spirit:parameter>
      <spirit:name>C_S00_AXI_BASEADDR</spirit:name>
      <spirit:displayName>C S00 AXI BASEADDR</spirit:displayName>
      <spirit:value spirit:format="bitString" spirit:resolve="user" spirit:id="PARAM_VALUE.C_S00_AXI_BASEADDR" spirit:order="5" spirit:bitStringLength="32">0xFFFFFFFF</spirit:value>
      <spirit:vendorExtensions>
        <xilinx:parameterInfo>
          <xilinx:enablement>
            <xilinx:isEnabled xilinx:id="PARAM_ENABLEMENT.C_S00_AXI_BASEADDR">false</xilinx:isEnabled>
          </xilinx:enablement>
        </xilinx:parameterInfo>
      </spirit:vendorExtensions>
    </spirit:parameter>
    <spirit:parameter>
      <spirit:name>C_S00_AXI_HIGHADDR</spirit:name>
      <spirit:displayName>C S00 AXI HIGHADDR</spirit:displayName>
      <spirit:value spirit:format="bitString" spirit:resolve="user" spirit:id="PARAM_VALUE.C_S00_AXI_HIGHADDR" spirit:order="6" spirit:bitStringLength="32">0x00000000</spirit:value>
      <spirit:vendorExtensions>
        <xilinx:parameterInfo>
          <xilinx:enablement>
            <xilinx:isEnabled xilinx:id="PARAM_ENABLEMENT.C_S00_AXI_HIGHADDR">false</xilinx:isEnabled>
          </xilinx:enablement>
        </xilinx:parameterInfo>
      </spirit:vendorExtensions>
    </spirit:parameter>
    <spirit:parameter>
      <spirit:name>Component_Name</spirit:name>
      <spirit:value spirit:resolve="user" spirit:id="PARAM_VALUE.Component_Name" spirit:order="1">matmul_v1_0</spirit:value>
    </spirit:parameter>
  </spirit:parameters>
  <spirit:vendorExtensions>
    <xilinx:coreExtensions>
      <xilinx:supportedFamilies>
        <xilinx:family xilinx:lifeCycle="Pre-Production">zynq</xilinx:family>
      </xilinx:supportedFamilies>
      <xilinx:taxonomies>
        <xilinx:taxonomy>AXI_Peripheral</xilinx:taxonomy>
      </xilinx:taxonomies>
      <xilinx:displayName>matmul_v1.0</xilinx:displayName>
      <xilinx:coreRevision>18</xilinx:coreRevision>
      <xilinx:coreCreationDateTime>2020-04-26T02:21:31Z</xilinx:coreCreationDateTime>
      <xilinx:tags>
        <xilinx:tag xilinx:name="ui.data.coregen.dd@4d42ec18_ARCHIVE_LOCATION">c:/Users/amank/Documents/Xilinx/hw_design/ip_repo/matmul_1.0</xilinx:tag>
        <xilinx:tag xilinx:name="ui.data.coregen.dd@1a620435_ARCHIVE_LOCATION">c:/Users/amank/Documents/Xilinx/hw_design/ip_repo/matmul_1.0</xilinx:tag>
        <xilinx:tag xilinx:name="ui.data.coregen.dd@510ad761_ARCHIVE_LOCATION">c:/Users/amank/Documents/Xilinx/hw_design/ip_repo/matmul_1.0</xilinx:tag>
        <xilinx:tag xilinx:name="ui.data.coregen.dd@78719f37_ARCHIVE_LOCATION">c:/Users/amank/Documents/Xilinx/hw_design/ip_repo/matmul_1.0</xilinx:tag>
        <xilinx:tag xilinx:name="ui.data.coregen.dd@527b2393_ARCHIVE_LOCATION">c:/Users/amank/Documents/Xilinx/hw_design/ip_repo/matmul_1.0</xilinx:tag>
        <xilinx:tag xilinx:name="ui.data.coregen.dd@4c91b7c0_ARCHIVE_LOCATION">c:/Users/amank/Documents/Xilinx/hw_design/ip_repo/matmul_1.0</xilinx:tag>
        <xilinx:tag xilinx:name="ui.data.coregen.dd@2797d616_ARCHIVE_LOCATION">c:/Users/amank/Documents/Xilinx/hw_design/ip_repo/matmul_1.0</xilinx:tag>
        <xilinx:tag xilinx:name="ui.data.coregen.dd@1674053a_ARCHIVE_LOCATION">c:/Users/amank/Documents/Xilinx/hw_design/ip_repo/matmul_1.0</xilinx:tag>
        <xilinx:tag xilinx:name="ui.data.coregen.dd@b7651c0_ARCHIVE_LOCATION">c:/Users/amank/Documents/Xilinx/hw_design/ip_repo/matmul_1.0</xilinx:tag>
        <xilinx:tag xilinx:name="ui.data.coregen.dd@55db47b4_ARCHIVE_LOCATION">c:/Users/amank/Documents/Xilinx/hw_design/ip_repo/matmul_1.0</xilinx:tag>
        <xilinx:tag xilinx:name="ui.data.coregen.dd@133b81bd_ARCHIVE_LOCATION">c:/Users/amank/Documents/Xilinx/hw_design/ip_repo/matmul_1.0</xilinx:tag>
        <xilinx:tag xilinx:name="ui.data.coregen.dd@60034c37_ARCHIVE_LOCATION">c:/Users/amank/Documents/Xilinx/hw_design/ip_repo/matmul_1.0</xilinx:tag>
        <xilinx:tag xilinx:name="ui.data.coregen.dd@772ba0c5_ARCHIVE_LOCATION">c:/Users/amank/Documents/Xilinx/hw_design/ip_repo/matmul_1.0</xilinx:tag>
        <xilinx:tag xilinx:name="ui.data.coregen.dd@6bb98f8f_ARCHIVE_LOCATION">c:/Users/amank/Documents/Xilinx/hw_design/ip_repo/matmul_1.0</xilinx:tag>
        <xilinx:tag xilinx:name="ui.data.coregen.dd@43fe2d6a_ARCHIVE_LOCATION">c:/Users/amank/Documents/Xilinx/hw_design/ip_repo/matmul_1.0</xilinx:tag>
        <xilinx:tag xilinx:name="ui.data.coregen.dd@e191bcd_ARCHIVE_LOCATION">c:/Users/amank/Documents/Xilinx/hw_design/ip_repo/matmul_1.0</xilinx:tag>
        <xilinx:tag xilinx:name="ui.data.coregen.dd@7c00e110_ARCHIVE_LOCATION">c:/Users/amank/Documents/Xilinx/hw_design/ip_repo/matmul_1.0</xilinx:tag>
        <xilinx:tag xilinx:name="ui.data.coregen.dd@577e301e_ARCHIVE_LOCATION">c:/Users/amank/Documents/Xilinx/hw_design/ip_repo/matmul_1.0</xilinx:tag>
        <xilinx:tag xilinx:name="ui.data.coregen.dd@2702a446_ARCHIVE_LOCATION">c:/Users/amank/Documents/Xilinx/hw_design/ip_repo/matmul_1.0</xilinx:tag>
        <xilinx:tag xilinx:name="ui.data.coregen.dd@395b556a_ARCHIVE_LOCATION">c:/Users/amank/Documents/Xilinx/hw_design/ip_repo/matmul_1.0</xilinx:tag>
        <xilinx:tag xilinx:name="ui.data.coregen.dd@7e3fce59_ARCHIVE_LOCATION">c:/Users/amank/Documents/Xilinx/hw_design/ip_repo/matmul_1.0</xilinx:tag>
        <xilinx:tag xilinx:name="ui.data.coregen.dd@1f955686_ARCHIVE_LOCATION">c:/Users/amank/Documents/Xilinx/hw_design/ip_repo/matmul_1.0</xilinx:tag>
        <xilinx:tag xilinx:name="ui.data.coregen.dd@569ff94a_ARCHIVE_LOCATION">c:/Users/amank/Documents/Xilinx/hw_design/ip_repo/matmul_1.0</xilinx:tag>
        <xilinx:tag xilinx:name="ui.data.coregen.dd@104c5e08_ARCHIVE_LOCATION">c:/Users/amank/Documents/Xilinx/hw_design/ip_repo/matmul_1.0</xilinx:tag>
        <xilinx:tag xilinx:name="ui.data.coregen.dd@47afa15d_ARCHIVE_LOCATION">c:/Users/amank/Documents/Xilinx/hw_design/ip_repo/matmul_1.0</xilinx:tag>
        <xilinx:tag xilinx:name="ui.data.coregen.dd@1ff2fec9_ARCHIVE_LOCATION">c:/Users/amank/Documents/Xilinx/hw_design/ip_repo/matmul_1.0</xilinx:tag>
        <xilinx:tag xilinx:name="ui.data.coregen.dd@5ba62ac6_ARCHIVE_LOCATION">c:/Users/amank/Documents/Xilinx/hw_design/ip_repo/matmul_1.0</xilinx:tag>
        <xilinx:tag xilinx:name="ui.data.coregen.dd@504b99e2_ARCHIVE_LOCATION">c:/Users/amank/Documents/Xilinx/hw_design/ip_repo/matmul_1.0</xilinx:tag>
        <xilinx:tag xilinx:name="ui.data.coregen.dd@52e4071e_ARCHIVE_LOCATION">c:/Users/amank/Documents/Xilinx/hw_design/ip_repo/matmul_1.0</xilinx:tag>
        <xilinx:tag xilinx:name="ui.data.coregen.dd@7df647dd_ARCHIVE_LOCATION">c:/Users/amank/Documents/Xilinx/hw_design/ip_repo/matmul_1.0</xilinx:tag>
        <xilinx:tag xilinx:name="ui.data.coregen.dd@2ca18ac5_ARCHIVE_LOCATION">c:/Users/amank/Documents/Xilinx/hw_design/ip_repo/matmul_1.0</xilinx:tag>
        <xilinx:tag xilinx:name="ui.data.coregen.dd@6f863dbe_ARCHIVE_LOCATION">c:/Users/amank/Documents/Xilinx/hw_design/ip_repo/matmul_1.0</xilinx:tag>
        <xilinx:tag xilinx:name="ui.data.coregen.dd@7e1c82db_ARCHIVE_LOCATION">c:/Users/amank/Documents/Xilinx/hw_design/ip_repo/matmul_1.0</xilinx:tag>
        <xilinx:tag xilinx:name="ui.data.coregen.dd@530faee3_ARCHIVE_LOCATION">c:/Users/amank/Documents/Xilinx/hw_design/ip_repo/matmul_1.0</xilinx:tag>
        <xilinx:tag xilinx:name="ui.data.coregen.dd@20daf477_ARCHIVE_LOCATION">c:/Users/amank/Documents/Xilinx/hw_design/ip_repo/matmul_1.0</xilinx:tag>
        <xilinx:tag xilinx:name="ui.data.coregen.dd@2ff836f8_ARCHIVE_LOCATION">c:/Users/amank/Documents/Xilinx/hw_design/ip_repo/matmul_1.0</xilinx:tag>
        <xilinx:tag xilinx:name="ui.data.coregen.dd@467df3ce_ARCHIVE_LOCATION">c:/Users/amank/Documents/Xilinx/hw_design/ip_repo/matmul_1.0</xilinx:tag>
        <xilinx:tag xilinx:name="ui.data.coregen.dd@48a4a54e_ARCHIVE_LOCATION">c:/Users/amank/Documents/Xilinx/hw_design/ip_repo/matmul_1.0</xilinx:tag>
        <xilinx:tag xilinx:name="ui.data.coregen.dd@7432c690_ARCHIVE_LOCATION">c:/Users/amank/Documents/Xilinx/hw_design/ip_repo/matmul_1.0</xilinx:tag>
        <xilinx:tag xilinx:name="ui.data.coregen.dd@66707b74_ARCHIVE_LOCATION">c:/Users/amank/Documents/Xilinx/hw_design/ip_repo/matmul_1.0</xilinx:tag>
        <xilinx:tag xilinx:name="ui.data.coregen.dd@6f96a7e4_ARCHIVE_LOCATION">c:/Users/amank/Documents/Xilinx/hw_design/ip_repo/matmul_1.0</xilinx:tag>
        <xilinx:tag xilinx:name="ui.data.coregen.dd@1e9c33d7_ARCHIVE_LOCATION">c:/Users/amank/Documents/Xilinx/hw_design/ip_repo/matmul_1.0</xilinx:tag>
        <xilinx:tag xilinx:name="ui.data.coregen.dd@43fd59ab_ARCHIVE_LOCATION">c:/Users/amank/Documents/Xilinx/hw_design/ip_repo/matmul_1.0</xilinx:tag>
        <xilinx:tag xilinx:name="ui.data.coregen.dd@5ff677c6_ARCHIVE_LOCATION">c:/Users/amank/Documents/Xilinx/hw_design/ip_repo/matmul_1.0</xilinx:tag>
        <xilinx:tag xilinx:name="ui.data.coregen.dd@65dc1cbf_ARCHIVE_LOCATION">c:/Users/amank/Documents/Xilinx/hw_design/ip_repo/matmul_1.0</xilinx:tag>
        <xilinx:tag xilinx:name="ui.data.coregen.dd@50a3c541_ARCHIVE_LOCATION">c:/Users/amank/Documents/Xilinx/hw_design/ip_repo/matmul_1.0</xilinx:tag>
        <xilinx:tag xilinx:name="ui.data.coregen.dd@624a6bf1_ARCHIVE_LOCATION">c:/Users/amank/Documents/Xilinx/hw_design/ip_repo/matmul_1.0</xilinx:tag>
        <xilinx:tag xilinx:name="ui.data.coregen.dd@25f10a4_ARCHIVE_LOCATION">c:/Users/amank/Documents/Xilinx/hw_design/ip_repo/matmul_1.0</xilinx:tag>
        <xilinx:tag xilinx:name="ui.data.coregen.dd@e75f725_ARCHIVE_LOCATION">c:/Users/amank/Documents/Xilinx/hw_design/ip_repo/matmul_1.0</xilinx:tag>
        <xilinx:tag xilinx:name="ui.data.coregen.dd@354887_ARCHIVE_LOCATION">c:/Users/amank/Documents/Xilinx/hw_design/ip_repo/matmul_1.0</xilinx:tag>
        <xilinx:tag xilinx:name="ui.data.coregen.dd@672abc51_ARCHIVE_LOCATION">c:/Users/amank/Documents/Xilinx/hw_design/ip_repo/matmul_1.0</xilinx:tag>
        <xilinx:tag xilinx:name="ui.data.coregen.dd@c23c92a_ARCHIVE_LOCATION">c:/Users/amank/Documents/Xilinx/hw_design/ip_repo/matmul_1.0</xilinx:tag>
        <xilinx:tag xilinx:name="ui.data.coregen.dd@2071c12d_ARCHIVE_LOCATION">c:/Users/amank/Documents/Xilinx/hw_design/ip_repo/matmul_1.0</xilinx:tag>
        <xilinx:tag xilinx:name="ui.data.coregen.dd@6954a97c_ARCHIVE_LOCATION">c:/Users/amank/Documents/Xilinx/hw_design/ip_repo/matmul_1.0</xilinx:tag>
        <xilinx:tag xilinx:name="ui.data.coregen.dd@61d8e428_ARCHIVE_LOCATION">c:/Users/amank/Documents/Xilinx/hw_design/ip_repo/matmul_1.0</xilinx:tag>
        <xilinx:tag xilinx:name="ui.data.coregen.dd@6a1463e0_ARCHIVE_LOCATION">c:/Users/amank/Documents/Xilinx/hw_design/ip_repo/matmul_1.0</xilinx:tag>
        <xilinx:tag xilinx:name="ui.data.coregen.dd@716def57_ARCHIVE_LOCATION">c:/Users/amank/Documents/Xilinx/hw_design/ip_repo/matmul_1.0</xilinx:tag>
        <xilinx:tag xilinx:name="ui.data.coregen.dd@50ab6a92_ARCHIVE_LOCATION">c:/Users/amank/Documents/Xilinx/hw_design/ip_repo/matmul_1.0</xilinx:tag>
        <xilinx:tag xilinx:name="ui.data.coregen.dd@132da5ee_ARCHIVE_LOCATION">c:/Users/amank/Documents/Xilinx/hw_design/ip_repo/matmul_1.0</xilinx:tag>
        <xilinx:tag xilinx:name="ui.data.coregen.dd@271c2241_ARCHIVE_LOCATION">c:/Users/amank/Documents/Xilinx/hw_design/ip_repo/matmul_1.0</xilinx:tag>
        <xilinx:tag xilinx:name="ui.data.coregen.dd@ef15fef_ARCHIVE_LOCATION">c:/Users/amank/Documents/Xilinx/hw_design/ip_repo/matmul_1.0</xilinx:tag>
        <xilinx:tag xilinx:name="ui.data.coregen.dd@23631029_ARCHIVE_LOCATION">c:/Users/amank/Documents/Xilinx/hw_design/ip_repo/matmul_1.0</xilinx:tag>
        <xilinx:tag xilinx:name="ui.data.coregen.dd@56976cd0_ARCHIVE_LOCATION">c:/Users/amank/Documents/Xilinx/hw_design/ip_repo/matmul_1.0</xilinx:tag>
        <xilinx:tag xilinx:name="ui.data.coregen.dd@6cff52e2_ARCHIVE_LOCATION">c:/Users/amank/Documents/Xilinx/hw_design/ip_repo/matmul_1.0</xilinx:tag>
        <xilinx:tag xilinx:name="ui.data.coregen.dd@4dbedefe_ARCHIVE_LOCATION">c:/Users/amank/Documents/Xilinx/hw_design/ip_repo/matmul_1.0</xilinx:tag>
        <xilinx:tag xilinx:name="ui.data.coregen.dd@64260498_ARCHIVE_LOCATION">c:/Users/amank/Documents/Xilinx/hw_design/ip_repo/matmul_1.0</xilinx:tag>
        <xilinx:tag xilinx:name="ui.data.coregen.dd@40633fc6_ARCHIVE_LOCATION">c:/Users/amank/Documents/Xilinx/hw_design/ip_repo/matmul_1.0</xilinx:tag>
        <xilinx:tag xilinx:name="ui.data.coregen.dd@caab716_ARCHIVE_LOCATION">c:/Users/amank/Documents/Xilinx/hw_design/ip_repo/matmul_1.0</xilinx:tag>
        <xilinx:tag xilinx:name="ui.data.coregen.dd@6cbb50f4_ARCHIVE_LOCATION">c:/Users/amank/Documents/Xilinx/hw_design/ip_repo/matmul_1.0</xilinx:tag>
        <xilinx:tag xilinx:name="ui.data.coregen.dd@3ae0195_ARCHIVE_LOCATION">c:/Users/amank/Documents/Xilinx/hw_design/ip_repo/matmul_1.0</xilinx:tag>
        <xilinx:tag xilinx:name="ui.data.coregen.dd@4306ae2_ARCHIVE_LOCATION">c:/Users/amank/Documents/Xilinx/hw_design/ip_repo/matmul_1.0</xilinx:tag>
        <xilinx:tag xilinx:name="ui.data.coregen.dd@251c9b53_ARCHIVE_LOCATION">c:/Users/amank/Documents/Xilinx/hw_design/ip_repo/matmul_1.0</xilinx:tag>
        <xilinx:tag xilinx:name="ui.data.coregen.dd@5ca2800c_ARCHIVE_LOCATION">c:/Users/amank/Documents/Xilinx/hw_design/ip_repo/matmul_1.0</xilinx:tag>
        <xilinx:tag xilinx:name="ui.data.coregen.dd@3aa344df_ARCHIVE_LOCATION">c:/Users/amank/Documents/Xilinx/hw_design/ip_repo/matmul_1.0</xilinx:tag>
        <xilinx:tag xilinx:name="ui.data.coregen.dd@237152ca_ARCHIVE_LOCATION">c:/Users/amank/Documents/Xilinx/hw_design/ip_repo/matmul_1.0</xilinx:tag>
        <xilinx:tag xilinx:name="ui.data.coregen.dd@3aaa07eb_ARCHIVE_LOCATION">c:/Users/amank/Documents/Xilinx/hw_design/ip_repo/matmul_1.0</xilinx:tag>
        <xilinx:tag xilinx:name="ui.data.coregen.dd@f5534d3_ARCHIVE_LOCATION">c:/Users/amank/Documents/Xilinx/hw_design/ip_repo/matmul_1.0</xilinx:tag>
        <xilinx:tag xilinx:name="ui.data.coregen.dd@18b75a69_ARCHIVE_LOCATION">c:/Users/amank/Documents/Xilinx/hw_design/ip_repo/matmul_1.0</xilinx:tag>
        <xilinx:tag xilinx:name="ui.data.coregen.dd@149e6059_ARCHIVE_LOCATION">c:/Users/amank/Documents/Xilinx/hw_design/ip_repo/matmul_1.0</xilinx:tag>
        <xilinx:tag xilinx:name="ui.data.coregen.dd@16204280_ARCHIVE_LOCATION">c:/Users/amank/Documents/Xilinx/hw_design/ip_repo/matmul_1.0</xilinx:tag>
        <xilinx:tag xilinx:name="ui.data.coregen.dd@249c32db_ARCHIVE_LOCATION">c:/Users/amank/Documents/Xilinx/hw_design/ip_repo/matmul_1.0</xilinx:tag>
        <xilinx:tag xilinx:name="ui.data.coregen.dd@1407cfa8_ARCHIVE_LOCATION">c:/Users/amank/Documents/Xilinx/hw_design/ip_repo/matmul_1.0</xilinx:tag>
        <xilinx:tag xilinx:name="ui.data.coregen.dd@15217e9f_ARCHIVE_LOCATION">c:/Users/amank/Documents/Xilinx/hw_design/ip_repo/matmul_1.0</xilinx:tag>
        <xilinx:tag xilinx:name="ui.data.coregen.dd@12606077_ARCHIVE_LOCATION">c:/Users/amank/Documents/Xilinx/hw_design/ip_repo/matmul_1.0</xilinx:tag>
        <xilinx:tag xilinx:name="ui.data.coregen.dd@28c83bce_ARCHIVE_LOCATION">c:/Users/amank/Documents/Xilinx/hw_design/ip_repo/matmul_1.0</xilinx:tag>
        <xilinx:tag xilinx:name="ui.data.coregen.dd@943b96d_ARCHIVE_LOCATION">c:/Users/amank/Documents/Xilinx/hw_design/ip_repo/matmul_1.0</xilinx:tag>
        <xilinx:tag xilinx:name="ui.data.coregen.dd@4346300_ARCHIVE_LOCATION">c:/Users/amank/Documents/Xilinx/hw_design/ip_repo/matmul_1.0</xilinx:tag>
        <xilinx:tag xilinx:name="ui.data.coregen.dd@39ed2be5_ARCHIVE_LOCATION">c:/Users/amank/Documents/Xilinx/hw_design/ip_repo/matmul_1.0</xilinx:tag>
        <xilinx:tag xilinx:name="ui.data.coregen.dd@5ea1cfb2_ARCHIVE_LOCATION">c:/Users/amank/Documents/Xilinx/hw_design/ip_repo/matmul_1.0</xilinx:tag>
        <xilinx:tag xilinx:name="ui.data.coregen.dd@6e12a155_ARCHIVE_LOCATION">c:/Users/amank/Documents/Xilinx/hw_design/ip_repo/matmul_1.0</xilinx:tag>
        <xilinx:tag xilinx:name="ui.data.coregen.dd@70762901_ARCHIVE_LOCATION">c:/Users/amank/Documents/Xilinx/hw_design/ip_repo/matmul_1.0</xilinx:tag>
        <xilinx:tag xilinx:name="ui.data.coregen.dd@77ad2a09_ARCHIVE_LOCATION">c:/Users/amank/Documents/Xilinx/hw_design/ip_repo/matmul_1.0</xilinx:tag>
        <xilinx:tag xilinx:name="ui.data.coregen.dd@1101efe6_ARCHIVE_LOCATION">c:/Users/amank/Documents/Xilinx/hw_design/ip_repo/matmul_1.0</xilinx:tag>
        <xilinx:tag xilinx:name="ui.data.coregen.dd@be467da_ARCHIVE_LOCATION">c:/Users/amank/Documents/Xilinx/hw_design/ip_repo/matmul_1.0</xilinx:tag>
        <xilinx:tag xilinx:name="ui.data.coregen.dd@60c2e10e_ARCHIVE_LOCATION">c:/Users/amank/Documents/Xilinx/hw_design/ip_repo/matmul_1.0</xilinx:tag>
        <xilinx:tag xilinx:name="ui.data.coregen.dd@57b78d53_ARCHIVE_LOCATION">c:/Users/amank/Documents/Xilinx/hw_design/ip_repo/matmul_1.0</xilinx:tag>
        <xilinx:tag xilinx:name="ui.data.coregen.dd@510c4b63_ARCHIVE_LOCATION">c:/Users/amank/Documents/Xilinx/hw_design/ip_repo/matmul_1.0</xilinx:tag>
        <xilinx:tag xilinx:name="ui.data.coregen.dd@45be201d_ARCHIVE_LOCATION">c:/Users/amank/Documents/Xilinx/hw_design/ip_repo/matmul_1.0</xilinx:tag>
        <xilinx:tag xilinx:name="ui.data.coregen.dd@604da736_ARCHIVE_LOCATION">c:/Users/amank/Documents/Xilinx/hw_design/ip_repo/matmul_1.0</xilinx:tag>
        <xilinx:tag xilinx:name="ui.data.coregen.dd@40f50700_ARCHIVE_LOCATION">c:/Users/amank/Documents/Xilinx/hw_design/ip_repo/matmul_1.0</xilinx:tag>
        <xilinx:tag xilinx:name="ui.data.coregen.dd@468f85f9_ARCHIVE_LOCATION">c:/Users/amank/Documents/Xilinx/hw_design/ip_repo/matmul_1.0</xilinx:tag>
        <xilinx:tag xilinx:name="ui.data.coregen.dd@55f7a295_ARCHIVE_LOCATION">c:/Users/amank/Documents/Xilinx/hw_design/ip_repo/matmul_1.0</xilinx:tag>
        <xilinx:tag xilinx:name="ui.data.coregen.dd@85ede7c_ARCHIVE_LOCATION">c:/Users/amank/Documents/Xilinx/hw_design/ip_repo/matmul_1.0</xilinx:tag>
        <xilinx:tag xilinx:name="ui.data.coregen.dd@198c06e5_ARCHIVE_LOCATION">c:/Users/amank/Documents/Xilinx/hw_design/ip_repo/matmul_1.0</xilinx:tag>
        <xilinx:tag xilinx:name="ui.data.coregen.dd@775c43e5_ARCHIVE_LOCATION">c:/Users/amank/Documents/Xilinx/hw_design/ip_repo/matmul_1.0</xilinx:tag>
        <xilinx:tag xilinx:name="ui.data.coregen.dd@75fac3e5_ARCHIVE_LOCATION">c:/Users/amank/Documents/Xilinx/hw_design/ip_repo/matmul_1.0</xilinx:tag>
        <xilinx:tag xilinx:name="ui.data.coregen.dd@4d86046c_ARCHIVE_LOCATION">c:/Users/amank/Documents/Xilinx/hw_design/ip_repo/matmul_1.0</xilinx:tag>
        <xilinx:tag xilinx:name="ui.data.coregen.dd@715acd8d_ARCHIVE_LOCATION">c:/Users/amank/Documents/Xilinx/hw_design/ip_repo/matmul_1.0</xilinx:tag>
        <xilinx:tag xilinx:name="ui.data.coregen.dd@562e2ce1_ARCHIVE_LOCATION">c:/Users/amank/Documents/Xilinx/hw_design/ip_repo/matmul_1.0</xilinx:tag>
        <xilinx:tag xilinx:name="ui.data.coregen.dd@54002349_ARCHIVE_LOCATION">c:/Users/amank/Documents/Xilinx/hw_design/ip_repo/matmul_1.0</xilinx:tag>
        <xilinx:tag xilinx:name="ui.data.coregen.dd@14eb11a1_ARCHIVE_LOCATION">c:/Users/amank/Documents/Xilinx/hw_design/ip_repo/matmul_1.0</xilinx:tag>
        <xilinx:tag xilinx:name="ui.data.coregen.dd@21ca1f3c_ARCHIVE_LOCATION">c:/Users/amank/Documents/Xilinx/hw_design/ip_repo/matmul_1.0</xilinx:tag>
        <xilinx:tag xilinx:name="ui.data.coregen.dd@458cd4eb_ARCHIVE_LOCATION">c:/Users/amank/Documents/Xilinx/hw_design/ip_repo/matmul_1.0</xilinx:tag>
        <xilinx:tag xilinx:name="ui.data.coregen.dd@c92806c_ARCHIVE_LOCATION">c:/Users/amank/Documents/Xilinx/hw_design/ip_repo/matmul_1.0</xilinx:tag>
        <xilinx:tag xilinx:name="ui.data.coregen.dd@44a60451_ARCHIVE_LOCATION">c:/Users/amank/Documents/Xilinx/hw_design/ip_repo/matmul_1.0</xilinx:tag>
        <xilinx:tag xilinx:name="ui.data.coregen.dd@698a485b_ARCHIVE_LOCATION">c:/Users/amank/Documents/Xilinx/hw_design/ip_repo/matmul_1.0</xilinx:tag>
        <xilinx:tag xilinx:name="ui.data.coregen.dd@9cbf553_ARCHIVE_LOCATION">c:/Users/amank/Documents/Xilinx/hw_design/ip_repo/matmul_1.0</xilinx:tag>
        <xilinx:tag xilinx:name="ui.data.coregen.dd@3ff4a495_ARCHIVE_LOCATION">c:/Users/amank/Documents/Xilinx/hw_design/ip_repo/matmul_1.0</xilinx:tag>
        <xilinx:tag xilinx:name="ui.data.coregen.dd@1e3a5e37_ARCHIVE_LOCATION">c:/Users/amank/Documents/Xilinx/hw_design/ip_repo/matmul_1.0</xilinx:tag>
        <xilinx:tag xilinx:name="ui.data.coregen.dd@6e5ade1c_ARCHIVE_LOCATION">c:/Users/amank/Documents/Xilinx/hw_design/ip_repo/matmul_1.0</xilinx:tag>
        <xilinx:tag xilinx:name="ui.data.coregen.dd@504d694c_ARCHIVE_LOCATION">c:/Users/amank/Documents/Xilinx/hw_design/ip_repo/matmul_1.0</xilinx:tag>
        <xilinx:tag xilinx:name="ui.data.coregen.dd@7767643a_ARCHIVE_LOCATION">c:/Users/amank/Documents/Xilinx/hw_design/ip_repo/matmul_1.0</xilinx:tag>
        <xilinx:tag xilinx:name="ui.data.coregen.dd@245d1bec_ARCHIVE_LOCATION">c:/Users/amank/Documents/Xilinx/hw_design/ip_repo/matmul_1.0</xilinx:tag>
        <xilinx:tag xilinx:name="ui.data.coregen.dd@22de160b_ARCHIVE_LOCATION">c:/Users/amank/Documents/Xilinx/hw_design/ip_repo/matmul_1.0</xilinx:tag>
        <xilinx:tag xilinx:name="ui.data.coregen.dd@6592c319_ARCHIVE_LOCATION">c:/Users/amank/Documents/Xilinx/hw_design/ip_repo/matmul_1.0</xilinx:tag>
        <xilinx:tag xilinx:name="ui.data.coregen.dd@3327cfa5_ARCHIVE_LOCATION">c:/Users/amank/Documents/Xilinx/hw_design/ip_repo/matmul_1.0</xilinx:tag>
        <xilinx:tag xilinx:name="ui.data.coregen.dd@4aaeb658_ARCHIVE_LOCATION">c:/Users/amank/Documents/Xilinx/hw_design/ip_repo/matmul_1.0</xilinx:tag>
        <xilinx:tag xilinx:name="ui.data.coregen.dd@62a9067e_ARCHIVE_LOCATION">c:/Users/amank/Documents/Xilinx/hw_design/ip_repo/matmul_1.0</xilinx:tag>
        <xilinx:tag xilinx:name="ui.data.coregen.dd@27657e2b_ARCHIVE_LOCATION">c:/Users/amank/Documents/Xilinx/hw_design/ip_repo/matmul_1.0</xilinx:tag>
        <xilinx:tag xilinx:name="ui.data.coregen.dd@4ad7aca9_ARCHIVE_LOCATION">c:/Users/amank/Documents/Xilinx/hw_design/ip_repo/matmul_1.0</xilinx:tag>
        <xilinx:tag xilinx:name="ui.data.coregen.dd@6200a2b2_ARCHIVE_LOCATION">c:/Users/amank/Documents/Xilinx/hw_design/ip_repo/matmul_1.0</xilinx:tag>
        <xilinx:tag xilinx:name="ui.data.coregen.dd@2afa43a4_ARCHIVE_LOCATION">c:/Users/amank/Documents/Xilinx/hw_design/ip_repo/matmul_1.0</xilinx:tag>
        <xilinx:tag xilinx:name="ui.data.coregen.dd@53b47161_ARCHIVE_LOCATION">c:/Users/amank/Documents/Xilinx/hw_design/ip_repo/matmul_1.0</xilinx:tag>
        <xilinx:tag xilinx:name="ui.data.coregen.dd@7a871ffb_ARCHIVE_LOCATION">c:/Users/amank/Documents/Xilinx/hw_design/ip_repo/matmul_1.0</xilinx:tag>
        <xilinx:tag xilinx:name="ui.data.coregen.dd@2383da9f_ARCHIVE_LOCATION">c:/Users/amank/Documents/Xilinx/hw_design/ip_repo/matmul_1.0</xilinx:tag>
        <xilinx:tag xilinx:name="ui.data.coregen.dd@1aff4b02_ARCHIVE_LOCATION">c:/Users/amank/Documents/Xilinx/hw_design/ip_repo/matmul_1.0</xilinx:tag>
        <xilinx:tag xilinx:name="ui.data.coregen.dd@131ea4ba_ARCHIVE_LOCATION">c:/Users/amank/Documents/Xilinx/hw_design/ip_repo/matmul_1.0</xilinx:tag>
        <xilinx:tag xilinx:name="ui.data.coregen.dd@6e0edd27_ARCHIVE_LOCATION">c:/Users/amank/Documents/Xilinx/hw_design/ip_repo/matmul_1.0</xilinx:tag>
        <xilinx:tag xilinx:name="ui.data.coregen.dd@de211cc_ARCHIVE_LOCATION">c:/Users/amank/Documents/Xilinx/hw_design/ip_repo/matmul_1.0</xilinx:tag>
        <xilinx:tag xilinx:name="ui.data.coregen.dd@aa73bc9_ARCHIVE_LOCATION">c:/Users/amank/Documents/Xilinx/hw_design/ip_repo/matmul_1.0</xilinx:tag>
        <xilinx:tag xilinx:name="ui.data.coregen.dd@60596368_ARCHIVE_LOCATION">c:/Users/amank/Documents/Xilinx/hw_design/ip_repo/matmul_1.0</xilinx:tag>
        <xilinx:tag xilinx:name="ui.data.coregen.dd@63650d95_ARCHIVE_LOCATION">c:/Users/amank/Documents/Xilinx/hw_design/ip_repo/matmul_1.0</xilinx:tag>
        <xilinx:tag xilinx:name="ui.data.coregen.dd@22b78080_ARCHIVE_LOCATION">c:/Users/amank/Documents/Xilinx/hw_design/ip_repo/matmul_1.0</xilinx:tag>
        <xilinx:tag xilinx:name="ui.data.coregen.dd@6500716e_ARCHIVE_LOCATION">c:/Users/amank/Documents/Xilinx/hw_design/ip_repo/matmul_1.0</xilinx:tag>
        <xilinx:tag xilinx:name="ui.data.coregen.dd@799e6d32_ARCHIVE_LOCATION">c:/Users/amank/Documents/Xilinx/hw_design/ip_repo/matmul_1.0</xilinx:tag>
        <xilinx:tag xilinx:name="ui.data.coregen.dd@31f121c2_ARCHIVE_LOCATION">c:/Users/amank/Documents/Xilinx/hw_design/ip_repo/matmul_1.0</xilinx:tag>
        <xilinx:tag xilinx:name="ui.data.coregen.dd@39a68087_ARCHIVE_LOCATION">c:/Users/amank/Documents/Xilinx/hw_design/ip_repo/matmul_1.0</xilinx:tag>
        <xilinx:tag xilinx:name="ui.data.coregen.dd@5e293ef5_ARCHIVE_LOCATION">c:/Users/amank/Documents/Xilinx/hw_design/ip_repo/matmul_1.0</xilinx:tag>
        <xilinx:tag xilinx:name="ui.data.coregen.dd@fd9d1d_ARCHIVE_LOCATION">c:/Users/amank/Documents/Xilinx/hw_design/ip_repo/matmul_1.0</xilinx:tag>
        <xilinx:tag xilinx:name="ui.data.coregen.dd@4884f84c_ARCHIVE_LOCATION">c:/Users/amank/Documents/Xilinx/hw_design/ip_repo/matmul_1.0</xilinx:tag>
        <xilinx:tag xilinx:name="ui.data.coregen.dd@2d1a6135_ARCHIVE_LOCATION">c:/Users/amank/Documents/Xilinx/hw_design/ip_repo/matmul_1.0</xilinx:tag>
        <xilinx:tag xilinx:name="ui.data.coregen.dd@15287c3d_ARCHIVE_LOCATION">c:/Users/amank/Documents/Xilinx/hw_design/ip_repo/matmul_1.0</xilinx:tag>
        <xilinx:tag xilinx:name="ui.data.coregen.dd@447403e7_ARCHIVE_LOCATION">c:/Users/amank/Documents/Xilinx/hw_design/ip_repo/matmul_1.0</xilinx:tag>
        <xilinx:tag xilinx:name="ui.data.coregen.dd@58fc96d_ARCHIVE_LOCATION">c:/Users/amank/Documents/Xilinx/hw_design/ip_repo/matmul_1.0</xilinx:tag>
        <xilinx:tag xilinx:name="ui.data.coregen.dd@3ccbab75_ARCHIVE_LOCATION">c:/Users/amank/Documents/Xilinx/hw_design/ip_repo/matmul_1.0</xilinx:tag>
        <xilinx:tag xilinx:name="ui.data.coregen.dd@389c4592_ARCHIVE_LOCATION">c:/Users/amank/Documents/Xilinx/hw_design/ip_repo/matmul_1.0</xilinx:tag>
        <xilinx:tag xilinx:name="ui.data.coregen.dd@542a149b_ARCHIVE_LOCATION">c:/Users/amank/Documents/Xilinx/hw_design/ip_repo/matmul_1.0</xilinx:tag>
        <xilinx:tag xilinx:name="ui.data.coregen.dd@43e1a1f6_ARCHIVE_LOCATION">c:/Users/amank/Documents/Xilinx/hw_design/ip_repo/matmul_1.0</xilinx:tag>
        <xilinx:tag xilinx:name="ui.data.coregen.dd@648f32d8_ARCHIVE_LOCATION">c:/Users/amank/Documents/Xilinx/hw_design/ip_repo/matmul_1.0</xilinx:tag>
        <xilinx:tag xilinx:name="ui.data.coregen.dd@73c54330_ARCHIVE_LOCATION">c:/Users/amank/Documents/Xilinx/hw_design/ip_repo/matmul_1.0</xilinx:tag>
        <xilinx:tag xilinx:name="ui.data.coregen.dd@64db6a45_ARCHIVE_LOCATION">c:/Users/amank/Documents/Xilinx/hw_design/ip_repo/matmul_1.0</xilinx:tag>
        <xilinx:tag xilinx:name="ui.data.coregen.dd@169786d7_ARCHIVE_LOCATION">c:/Users/amank/Documents/Xilinx/hw_design/ip_repo/matmul_1.0</xilinx:tag>
        <xilinx:tag xilinx:name="ui.data.coregen.dd@2806e5f3_ARCHIVE_LOCATION">c:/Users/amank/Documents/Xilinx/hw_design/ip_repo/matmul_1.0</xilinx:tag>
        <xilinx:tag xilinx:name="ui.data.coregen.dd@4b827253_ARCHIVE_LOCATION">c:/Users/amank/Documents/Xilinx/hw_design/ip_repo/matmul_1.0</xilinx:tag>
        <xilinx:tag xilinx:name="ui.data.coregen.dd@7662ca24_ARCHIVE_LOCATION">c:/Users/amank/Documents/Xilinx/hw_design/ip_repo/matmul_1.0</xilinx:tag>
        <xilinx:tag xilinx:name="ui.data.coregen.dd@5f3c2e19_ARCHIVE_LOCATION">c:/Users/amank/Documents/Xilinx/hw_design/ip_repo/matmul_1.0</xilinx:tag>
        <xilinx:tag xilinx:name="ui.data.coregen.dd@240e5fdd_ARCHIVE_LOCATION">c:/Users/amank/Documents/Xilinx/hw_design/ip_repo/matmul_1.0</xilinx:tag>
        <xilinx:tag xilinx:name="ui.data.coregen.dd@37f49d64_ARCHIVE_LOCATION">c:/Users/amank/Documents/Xilinx/hw_design/ip_repo/matmul_1.0</xilinx:tag>
        <xilinx:tag xilinx:name="ui.data.coregen.dd@3adad93d_ARCHIVE_LOCATION">c:/Users/amank/Documents/Xilinx/hw_design/ip_repo/matmul_1.0</xilinx:tag>
        <xilinx:tag xilinx:name="ui.data.coregen.dd@7b4b050c_ARCHIVE_LOCATION">c:/Users/amank/Documents/Xilinx/hw_design/ip_repo/matmul_1.0</xilinx:tag>
        <xilinx:tag xilinx:name="ui.data.coregen.dd@4f4dfadf_ARCHIVE_LOCATION">c:/Users/amank/Documents/Xilinx/hw_design/ip_repo/matmul_1.0</xilinx:tag>
        <xilinx:tag xilinx:name="ui.data.coregen.dd@4feb61e6_ARCHIVE_LOCATION">c:/Users/amank/Documents/Xilinx/hw_design/ip_repo/matmul_1.0</xilinx:tag>
        <xilinx:tag xilinx:name="ui.data.coregen.dd@5d3e204b_ARCHIVE_LOCATION">c:/Users/amank/Documents/Xilinx/hw_design/ip_repo/matmul_1.0</xilinx:tag>
        <xilinx:tag xilinx:name="ui.data.coregen.dd@8e9e494_ARCHIVE_LOCATION">c:/Users/amank/Documents/Xilinx/hw_design/ip_repo/matmul_1.0</xilinx:tag>
        <xilinx:tag xilinx:name="ui.data.coregen.dd@4e4efc7a_ARCHIVE_LOCATION">c:/Users/amank/Documents/Xilinx/hw_design/ip_repo/matmul_1.0</xilinx:tag>
        <xilinx:tag xilinx:name="ui.data.coregen.dd@1754a9a0_ARCHIVE_LOCATION">c:/Users/amank/Documents/Xilinx/hw_design/ip_repo/matmul_1.0</xilinx:tag>
        <xilinx:tag xilinx:name="ui.data.coregen.dd@c65372f_ARCHIVE_LOCATION">c:/Users/amank/Documents/Xilinx/hw_design/ip_repo/matmul_1.0</xilinx:tag>
        <xilinx:tag xilinx:name="ui.data.coregen.dd@e9f290_ARCHIVE_LOCATION">c:/Users/amank/Documents/Xilinx/hw_design/ip_repo/matmul_1.0</xilinx:tag>
        <xilinx:tag xilinx:name="ui.data.coregen.dd@2aa55a21_ARCHIVE_LOCATION">c:/Users/amank/Documents/Xilinx/hw_design/ip_repo/matmul_1.0</xilinx:tag>
        <xilinx:tag xilinx:name="ui.data.coregen.dd@1a3b9e7c_ARCHIVE_LOCATION">c:/Users/amank/Documents/Xilinx/hw_design/ip_repo/matmul_1.0</xilinx:tag>
        <xilinx:tag xilinx:name="ui.data.coregen.dd@1f3a6bc9_ARCHIVE_LOCATION">c:/Users/amank/Documents/Xilinx/hw_design/ip_repo/matmul_1.0</xilinx:tag>
        <xilinx:tag xilinx:name="ui.data.coregen.dd@72b3bc08_ARCHIVE_LOCATION">c:/Users/amank/Documents/Xilinx/hw_design/ip_repo/matmul_1.0</xilinx:tag>
        <xilinx:tag xilinx:name="ui.data.coregen.dd@4ab8e481_ARCHIVE_LOCATION">c:/Users/amank/Documents/Xilinx/hw_design/ip_repo/matmul_1.0</xilinx:tag>
        <xilinx:tag xilinx:name="ui.data.coregen.dd@2f2fc646_ARCHIVE_LOCATION">c:/Users/amank/Documents/Xilinx/hw_design/ip_repo/matmul_1.0</xilinx:tag>
        <xilinx:tag xilinx:name="ui.data.coregen.dd@5eb69d31_ARCHIVE_LOCATION">c:/Users/amank/Documents/Xilinx/hw_design/ip_repo/matmul_1.0</xilinx:tag>
        <xilinx:tag xilinx:name="ui.data.coregen.dd@2d323943_ARCHIVE_LOCATION">c:/Users/amank/Documents/Xilinx/hw_design/ip_repo/matmul_1.0</xilinx:tag>
        <xilinx:tag xilinx:name="ui.data.coregen.dd@54176c16_ARCHIVE_LOCATION">c:/Users/amank/Documents/Xilinx/hw_design/ip_repo/matmul_1.0</xilinx:tag>
        <xilinx:tag xilinx:name="ui.data.coregen.dd@615cc21c_ARCHIVE_LOCATION">c:/Users/amank/Documents/Xilinx/hw_design/ip_repo/matmul_1.0</xilinx:tag>
        <xilinx:tag xilinx:name="ui.data.coregen.dd@7b388aa5_ARCHIVE_LOCATION">c:/Users/amank/Documents/Xilinx/hw_design/ip_repo/matmul_1.0</xilinx:tag>
        <xilinx:tag xilinx:name="ui.data.coregen.dd@463040c1_ARCHIVE_LOCATION">c:/Users/amank/Documents/Xilinx/hw_design/ip_repo/matmul_1.0</xilinx:tag>
        <xilinx:tag xilinx:name="ui.data.coregen.dd@2a6251ef_ARCHIVE_LOCATION">c:/Users/amank/Documents/Xilinx/hw_design/ip_repo/matmul_1.0</xilinx:tag>
        <xilinx:tag xilinx:name="ui.data.coregen.dd@66ea006d_ARCHIVE_LOCATION">c:/Users/amank/Documents/Xilinx/hw_design/ip_repo/matmul_1.0</xilinx:tag>
        <xilinx:tag xilinx:name="ui.data.coregen.dd@771cda0f_ARCHIVE_LOCATION">c:/Users/amank/Documents/Xilinx/hw_design/ip_repo/matmul_1.0</xilinx:tag>
        <xilinx:tag xilinx:name="ui.data.coregen.dd@322e2d8f_ARCHIVE_LOCATION">c:/Users/amank/Documents/Xilinx/hw_design/ip_repo/matmul_1.0</xilinx:tag>
        <xilinx:tag xilinx:name="ui.data.coregen.dd@4d0abb09_ARCHIVE_LOCATION">c:/Users/amank/Documents/Xilinx/hw_design/ip_repo/matmul_1.0</xilinx:tag>
        <xilinx:tag xilinx:name="ui.data.coregen.dd@7cf182bc_ARCHIVE_LOCATION">c:/Users/amank/Documents/Xilinx/hw_design/ip_repo/matmul_1.0</xilinx:tag>
        <xilinx:tag xilinx:name="ui.data.coregen.dd@1965e7fc_ARCHIVE_LOCATION">c:/Users/amank/Documents/Xilinx/hw_design/ip_repo/matmul_1.0</xilinx:tag>
        <xilinx:tag xilinx:name="ui.data.coregen.dd@25dbd5b1_ARCHIVE_LOCATION">c:/Users/amank/Documents/Xilinx/hw_design/ip_repo/matmul_1.0</xilinx:tag>
        <xilinx:tag xilinx:name="ui.data.coregen.dd@32b2b58b_ARCHIVE_LOCATION">c:/Users/amank/Documents/Xilinx/hw_design/ip_repo/matmul_1.0</xilinx:tag>
        <xilinx:tag xilinx:name="ui.data.coregen.dd@400673ec_ARCHIVE_LOCATION">c:/Users/amank/Documents/Xilinx/hw_design/ip_repo/matmul_1.0</xilinx:tag>
        <xilinx:tag xilinx:name="ui.data.coregen.dd@67871ebd_ARCHIVE_LOCATION">c:/Users/amank/Documents/Xilinx/hw_design/ip_repo/matmul_1.0</xilinx:tag>
        <xilinx:tag xilinx:name="ui.data.coregen.dd@374ab4fe_ARCHIVE_LOCATION">c:/Users/amank/Documents/Xilinx/hw_design/ip_repo/matmul_1.0</xilinx:tag>
        <xilinx:tag xilinx:name="ui.data.coregen.dd@15c10391_ARCHIVE_LOCATION">c:/Users/amank/Documents/Xilinx/hw_design/ip_repo/matmul_1.0</xilinx:tag>
        <xilinx:tag xilinx:name="ui.data.coregen.dd@401b5a7e_ARCHIVE_LOCATION">c:/Users/amank/Documents/Xilinx/hw_design/ip_repo/matmul_1.0</xilinx:tag>
        <xilinx:tag xilinx:name="ui.data.coregen.dd@5a5a43b0_ARCHIVE_LOCATION">c:/Users/amank/Documents/Xilinx/hw_design/ip_repo/matmul_1.0</xilinx:tag>
        <xilinx:tag xilinx:name="ui.data.coregen.dd@2694ff35_ARCHIVE_LOCATION">c:/Users/amank/Documents/Xilinx/hw_design/ip_repo/matmul_1.0</xilinx:tag>
        <xilinx:tag xilinx:name="ui.data.coregen.dd@50cb0091_ARCHIVE_LOCATION">c:/Users/amank/Documents/Xilinx/hw_design/ip_repo/matmul_1.0</xilinx:tag>
        <xilinx:tag xilinx:name="ui.data.coregen.dd@53a69ea_ARCHIVE_LOCATION">c:/Users/amank/Documents/Xilinx/hw_design/ip_repo/matmul_1.0</xilinx:tag>
        <xilinx:tag xilinx:name="ui.data.coregen.dd@cc001c6_ARCHIVE_LOCATION">c:/Users/amank/Documents/Xilinx/hw_design/ip_repo/matmul_1.0</xilinx:tag>
        <xilinx:tag xilinx:name="ui.data.coregen.dd@710c3455_ARCHIVE_LOCATION">c:/Users/amank/Documents/Xilinx/hw_design/ip_repo/matmul_1.0</xilinx:tag>
        <xilinx:tag xilinx:name="ui.data.coregen.dd@4df0cfb3_ARCHIVE_LOCATION">c:/Users/amank/Documents/Xilinx/hw_design/ip_repo/matmul_1.0</xilinx:tag>
        <xilinx:tag xilinx:name="ui.data.coregen.dd@1c479bef_ARCHIVE_LOCATION">c:/Users/amank/Documents/Xilinx/hw_design/ip_repo/matmul_1.0</xilinx:tag>
        <xilinx:tag xilinx:name="ui.data.coregen.dd@78966fea_ARCHIVE_LOCATION">c:/Users/amank/Documents/Xilinx/hw_design/ip_repo/matmul_1.0</xilinx:tag>
        <xilinx:tag xilinx:name="ui.data.coregen.dd@e03dd7_ARCHIVE_LOCATION">c:/Users/amank/Documents/Xilinx/hw_design/ip_repo/matmul_1.0</xilinx:tag>
        <xilinx:tag xilinx:name="ui.data.coregen.dd@6dee9f4e_ARCHIVE_LOCATION">c:/Users/amank/Documents/Xilinx/hw_design/ip_repo/matmul_1.0</xilinx:tag>
        <xilinx:tag xilinx:name="ui.data.coregen.dd@e2d220b_ARCHIVE_LOCATION">c:/Users/amank/Documents/Xilinx/hw_design/ip_repo/matmul_1.0</xilinx:tag>
      </xilinx:tags>
    </xilinx:coreExtensions>
    <xilinx:packagingInfo>
      <xilinx:xilinxVersion>2019.2</xilinx:xilinxVersion>
      <xilinx:checksum xilinx:scope="busInterfaces" xilinx:value="fce235e2"/>
      <xilinx:checksum xilinx:scope="memoryMaps" xilinx:value="ed1368d5"/>
      <xilinx:checksum xilinx:scope="fileGroups" xilinx:value="2c97cbcb"/>
      <xilinx:checksum xilinx:scope="ports" xilinx:value="3d4934f3"/>
      <xilinx:checksum xilinx:scope="hdlParameters" xilinx:value="e7b50784"/>
      <xilinx:checksum xilinx:scope="parameters" xilinx:value="ee7d119f"/>
    </xilinx:packagingInfo>
  </spirit:vendorExtensions>
</spirit:component>
