<?xml version="1.0" encoding="UTF-8"?>
<spirit:component xmlns:xilinx="http://www.xilinx.com" xmlns:spirit="http://www.spiritconsortium.org/XMLSchema/SPIRIT/1685-2009" xmlns:xsi="http://www.w3.org/2001/XMLSchema-instance">
  <spirit:vendor>xilinx.com</spirit:vendor>
  <spirit:library>user</spirit:library>
  <spirit:name>adder_new</spirit:name>
  <spirit:version>1.0</spirit:version>
  <spirit:busInterfaces>
    <spirit:busInterface>
      <spirit:name>S00_AXI</spirit:name>
      <spirit:busType spirit:vendor="xilinx.com" spirit:library="interface" spirit:name="aximm" spirit:version="1.0"/>
      <spirit:abstractionType spirit:vendor="xilinx.com" spirit:library="interface" spirit:name="aximm_rtl" spirit:version="1.0"/>
      <spirit:slave>
        <spirit:memoryMapRef spirit:memoryMapRef="S00_AXI"/>
      </spirit:slave>
      <spirit:portMaps>
        <spirit:portMap>
          <spirit:logicalPort>
            <spirit:name>AWADDR</spirit:name>
          </spirit:logicalPort>
          <spirit:physicalPort>
            <spirit:name>s00_axi_awaddr</spirit:name>
          </spirit:physicalPort>
        </spirit:portMap>
        <spirit:portMap>
          <spirit:logicalPort>
            <spirit:name>AWPROT</spirit:name>
          </spirit:logicalPort>
          <spirit:physicalPort>
            <spirit:name>s00_axi_awprot</spirit:name>
          </spirit:physicalPort>
        </spirit:portMap>
        <spirit:portMap>
          <spirit:logicalPort>
            <spirit:name>AWVALID</spirit:name>
          </spirit:logicalPort>
          <spirit:physicalPort>
            <spirit:name>s00_axi_awvalid</spirit:name>
          </spirit:physicalPort>
        </spirit:portMap>
        <spirit:portMap>
          <spirit:logicalPort>
            <spirit:name>AWREADY</spirit:name>
          </spirit:logicalPort>
          <spirit:physicalPort>
            <spirit:name>s00_axi_awready</spirit:name>
          </spirit:physicalPort>
        </spirit:portMap>
        <spirit:portMap>
          <spirit:logicalPort>
            <spirit:name>WDATA</spirit:name>
          </spirit:logicalPort>
          <spirit:physicalPort>
            <spirit:name>s00_axi_wdata</spirit:name>
          </spirit:physicalPort>
        </spirit:portMap>
        <spirit:portMap>
          <spirit:logicalPort>
            <spirit:name>WSTRB</spirit:name>
          </spirit:logicalPort>
          <spirit:physicalPort>
            <spirit:name>s00_axi_wstrb</spirit:name>
          </spirit:physicalPort>
        </spirit:portMap>
        <spirit:portMap>
          <spirit:logicalPort>
            <spirit:name>WVALID</spirit:name>
          </spirit:logicalPort>
          <spirit:physicalPort>
            <spirit:name>s00_axi_wvalid</spirit:name>
          </spirit:physicalPort>
        </spirit:portMap>
        <spirit:portMap>
          <spirit:logicalPort>
            <spirit:name>WREADY</spirit:name>
          </spirit:logicalPort>
          <spirit:physicalPort>
            <spirit:name>s00_axi_wready</spirit:name>
          </spirit:physicalPort>
        </spirit:portMap>
        <spirit:portMap>
          <spirit:logicalPort>
            <spirit:name>BRESP</spirit:name>
          </spirit:logicalPort>
          <spirit:physicalPort>
            <spirit:name>s00_axi_bresp</spirit:name>
          </spirit:physicalPort>
        </spirit:portMap>
        <spirit:portMap>
          <spirit:logicalPort>
            <spirit:name>BVALID</spirit:name>
          </spirit:logicalPort>
          <spirit:physicalPort>
            <spirit:name>s00_axi_bvalid</spirit:name>
          </spirit:physicalPort>
        </spirit:portMap>
        <spirit:portMap>
          <spirit:logicalPort>
            <spirit:name>BREADY</spirit:name>
          </spirit:logicalPort>
          <spirit:physicalPort>
            <spirit:name>s00_axi_bready</spirit:name>
          </spirit:physicalPort>
        </spirit:portMap>
        <spirit:portMap>
          <spirit:logicalPort>
            <spirit:name>ARADDR</spirit:name>
          </spirit:logicalPort>
          <spirit:physicalPort>
            <spirit:name>s00_axi_araddr</spirit:name>
          </spirit:physicalPort>
        </spirit:portMap>
        <spirit:portMap>
          <spirit:logicalPort>
            <spirit:name>ARPROT</spirit:name>
          </spirit:logicalPort>
          <spirit:physicalPort>
            <spirit:name>s00_axi_arprot</spirit:name>
          </spirit:physicalPort>
        </spirit:portMap>
        <spirit:portMap>
          <spirit:logicalPort>
            <spirit:name>ARVALID</spirit:name>
          </spirit:logicalPort>
          <spirit:physicalPort>
            <spirit:name>s00_axi_arvalid</spirit:name>
          </spirit:physicalPort>
        </spirit:portMap>
        <spirit:portMap>
          <spirit:logicalPort>
            <spirit:name>ARREADY</spirit:name>
          </spirit:logicalPort>
          <spirit:physicalPort>
            <spirit:name>s00_axi_arready</spirit:name>
          </spirit:physicalPort>
        </spirit:portMap>
        <spirit:portMap>
          <spirit:logicalPort>
            <spirit:name>RDATA</spirit:name>
          </spirit:logicalPort>
          <spirit:physicalPort>
            <spirit:name>s00_axi_rdata</spirit:name>
          </spirit:physicalPort>
        </spirit:portMap>
        <spirit:portMap>
          <spirit:logicalPort>
            <spirit:name>RRESP</spirit:name>
          </spirit:logicalPort>
          <spirit:physicalPort>
            <spirit:name>s00_axi_rresp</spirit:name>
          </spirit:physicalPort>
        </spirit:portMap>
        <spirit:portMap>
          <spirit:logicalPort>
            <spirit:name>RVALID</spirit:name>
          </spirit:logicalPort>
          <spirit:physicalPort>
            <spirit:name>s00_axi_rvalid</spirit:name>
          </spirit:physicalPort>
        </spirit:portMap>
        <spirit:portMap>
          <spirit:logicalPort>
            <spirit:name>RREADY</spirit:name>
          </spirit:logicalPort>
          <spirit:physicalPort>
            <spirit:name>s00_axi_rready</spirit:name>
          </spirit:physicalPort>
        </spirit:portMap>
      </spirit:portMaps>
      <spirit:parameters>
        <spirit:parameter>
          <spirit:name>WIZ_DATA_WIDTH</spirit:name>
          <spirit:value spirit:format="long" spirit:id="BUSIFPARAM_VALUE.S00_AXI.WIZ_DATA_WIDTH" spirit:choiceRef="choice_list_6fc15197">32</spirit:value>
        </spirit:parameter>
        <spirit:parameter>
          <spirit:name>WIZ_NUM_REG</spirit:name>
          <spirit:value spirit:format="long" spirit:id="BUSIFPARAM_VALUE.S00_AXI.WIZ_NUM_REG" spirit:minimum="4" spirit:maximum="512" spirit:rangeType="long">10</spirit:value>
        </spirit:parameter>
        <spirit:parameter>
          <spirit:name>SUPPORTS_NARROW_BURST</spirit:name>
          <spirit:value spirit:format="long" spirit:id="BUSIFPARAM_VALUE.S00_AXI.SUPPORTS_NARROW_BURST" spirit:choiceRef="choice_pairs_ce1226b1">0</spirit:value>
        </spirit:parameter>
      </spirit:parameters>
    </spirit:busInterface>
    <spirit:busInterface>
      <spirit:name>S00_AXI_RST</spirit:name>
      <spirit:busType spirit:vendor="xilinx.com" spirit:library="signal" spirit:name="reset" spirit:version="1.0"/>
      <spirit:abstractionType spirit:vendor="xilinx.com" spirit:library="signal" spirit:name="reset_rtl" spirit:version="1.0"/>
      <spirit:slave/>
      <spirit:portMaps>
        <spirit:portMap>
          <spirit:logicalPort>
            <spirit:name>RST</spirit:name>
          </spirit:logicalPort>
          <spirit:physicalPort>
            <spirit:name>s00_axi_aresetn</spirit:name>
          </spirit:physicalPort>
        </spirit:portMap>
      </spirit:portMaps>
      <spirit:parameters>
        <spirit:parameter>
          <spirit:name>POLARITY</spirit:name>
          <spirit:value spirit:id="BUSIFPARAM_VALUE.S00_AXI_RST.POLARITY" spirit:choiceRef="choice_list_9d8b0d81">ACTIVE_LOW</spirit:value>
        </spirit:parameter>
      </spirit:parameters>
    </spirit:busInterface>
    <spirit:busInterface>
      <spirit:name>S00_AXI_CLK</spirit:name>
      <spirit:busType spirit:vendor="xilinx.com" spirit:library="signal" spirit:name="clock" spirit:version="1.0"/>
      <spirit:abstractionType spirit:vendor="xilinx.com" spirit:library="signal" spirit:name="clock_rtl" spirit:version="1.0"/>
      <spirit:slave/>
      <spirit:portMaps>
        <spirit:portMap>
          <spirit:logicalPort>
            <spirit:name>CLK</spirit:name>
          </spirit:logicalPort>
          <spirit:physicalPort>
            <spirit:name>s00_axi_aclk</spirit:name>
          </spirit:physicalPort>
        </spirit:portMap>
      </spirit:portMaps>
      <spirit:parameters>
        <spirit:parameter>
          <spirit:name>ASSOCIATED_BUSIF</spirit:name>
          <spirit:value spirit:id="BUSIFPARAM_VALUE.S00_AXI_CLK.ASSOCIATED_BUSIF">S00_AXI</spirit:value>
        </spirit:parameter>
        <spirit:parameter>
          <spirit:name>ASSOCIATED_RESET</spirit:name>
          <spirit:value spirit:id="BUSIFPARAM_VALUE.S00_AXI_CLK.ASSOCIATED_RESET">s00_axi_aresetn</spirit:value>
        </spirit:parameter>
      </spirit:parameters>
    </spirit:busInterface>
    <spirit:busInterface>
      <spirit:name>bram</spirit:name>
      <spirit:busType spirit:vendor="xilinx.com" spirit:library="interface" spirit:name="bram" spirit:version="1.0"/>
      <spirit:abstractionType spirit:vendor="xilinx.com" spirit:library="interface" spirit:name="bram_rtl" spirit:version="1.0"/>
      <spirit:master/>
      <spirit:portMaps>
        <spirit:portMap>
          <spirit:logicalPort>
            <spirit:name>DIN</spirit:name>
          </spirit:logicalPort>
          <spirit:physicalPort>
            <spirit:name>bram_wdata</spirit:name>
          </spirit:physicalPort>
        </spirit:portMap>
        <spirit:portMap>
          <spirit:logicalPort>
            <spirit:name>EN</spirit:name>
          </spirit:logicalPort>
          <spirit:physicalPort>
            <spirit:name>bram_en</spirit:name>
          </spirit:physicalPort>
        </spirit:portMap>
        <spirit:portMap>
          <spirit:logicalPort>
            <spirit:name>DOUT</spirit:name>
          </spirit:logicalPort>
          <spirit:physicalPort>
            <spirit:name>bram_rdata</spirit:name>
          </spirit:physicalPort>
        </spirit:portMap>
        <spirit:portMap>
          <spirit:logicalPort>
            <spirit:name>WE</spirit:name>
          </spirit:logicalPort>
          <spirit:physicalPort>
            <spirit:name>bram_we</spirit:name>
          </spirit:physicalPort>
        </spirit:portMap>
        <spirit:portMap>
          <spirit:logicalPort>
            <spirit:name>ADDR</spirit:name>
          </spirit:logicalPort>
          <spirit:physicalPort>
            <spirit:name>bram_addr</spirit:name>
          </spirit:physicalPort>
        </spirit:portMap>
      </spirit:portMaps>
    </spirit:busInterface>
  </spirit:busInterfaces>
  <spirit:memoryMaps>
    <spirit:memoryMap>
      <spirit:name>S00_AXI</spirit:name>
      <spirit:addressBlock>
        <spirit:name>S00_AXI_reg</spirit:name>
        <spirit:baseAddress spirit:format="long" spirit:resolve="user">0</spirit:baseAddress>
        <spirit:range spirit:format="long">4096</spirit:range>
        <spirit:width spirit:format="long">32</spirit:width>
        <spirit:usage>register</spirit:usage>
        <spirit:parameters>
          <spirit:parameter>
            <spirit:name>OFFSET_BASE_PARAM</spirit:name>
            <spirit:value spirit:id="ADDRBLOCKPARAM_VALUE.S00_AXI.S00_AXI_REG.OFFSET_BASE_PARAM">C_S00_AXI_BASEADDR</spirit:value>
          </spirit:parameter>
          <spirit:parameter>
            <spirit:name>OFFSET_HIGH_PARAM</spirit:name>
            <spirit:value spirit:id="ADDRBLOCKPARAM_VALUE.S00_AXI.S00_AXI_REG.OFFSET_HIGH_PARAM">C_S00_AXI_HIGHADDR</spirit:value>
          </spirit:parameter>
        </spirit:parameters>
      </spirit:addressBlock>
    </spirit:memoryMap>
  </spirit:memoryMaps>
  <spirit:model>
    <spirit:views>
      <spirit:view>
        <spirit:name>xilinx_verilogsynthesis</spirit:name>
        <spirit:displayName>Verilog Synthesis</spirit:displayName>
        <spirit:envIdentifier>verilogSource:vivado.xilinx.com:synthesis</spirit:envIdentifier>
        <spirit:language>verilog</spirit:language>
        <spirit:modelName>adder_v1_0</spirit:modelName>
        <spirit:fileSetRef>
          <spirit:localName>xilinx_verilogsynthesis_view_fileset</spirit:localName>
        </spirit:fileSetRef>
        <spirit:parameters>
          <spirit:parameter>
            <spirit:name>viewChecksum</spirit:name>
            <spirit:value>1b708993</spirit:value>
          </spirit:parameter>
        </spirit:parameters>
      </spirit:view>
      <spirit:view>
        <spirit:name>xilinx_verilogbehavioralsimulation</spirit:name>
        <spirit:displayName>Verilog Simulation</spirit:displayName>
        <spirit:envIdentifier>verilogSource:vivado.xilinx.com:simulation</spirit:envIdentifier>
        <spirit:language>verilog</spirit:language>
        <spirit:modelName>adder_v1_0</spirit:modelName>
        <spirit:fileSetRef>
          <spirit:localName>xilinx_verilogbehavioralsimulation_view_fileset</spirit:localName>
        </spirit:fileSetRef>
        <spirit:parameters>
          <spirit:parameter>
            <spirit:name>viewChecksum</spirit:name>
            <spirit:value>1b708993</spirit:value>
          </spirit:parameter>
        </spirit:parameters>
      </spirit:view>
      <spirit:view>
        <spirit:name>xilinx_softwaredriver</spirit:name>
        <spirit:displayName>Software Driver</spirit:displayName>
        <spirit:envIdentifier>:vivado.xilinx.com:sw.driver</spirit:envIdentifier>
        <spirit:fileSetRef>
          <spirit:localName>xilinx_softwaredriver_view_fileset</spirit:localName>
        </spirit:fileSetRef>
        <spirit:parameters>
          <spirit:parameter>
            <spirit:name>viewChecksum</spirit:name>
            <spirit:value>981b0ac3</spirit:value>
          </spirit:parameter>
        </spirit:parameters>
      </spirit:view>
      <spirit:view>
        <spirit:name>xilinx_xpgui</spirit:name>
        <spirit:displayName>UI Layout</spirit:displayName>
        <spirit:envIdentifier>:vivado.xilinx.com:xgui.ui</spirit:envIdentifier>
        <spirit:fileSetRef>
          <spirit:localName>xilinx_xpgui_view_fileset</spirit:localName>
        </spirit:fileSetRef>
        <spirit:parameters>
          <spirit:parameter>
            <spirit:name>viewChecksum</spirit:name>
            <spirit:value>0e5443b4</spirit:value>
          </spirit:parameter>
        </spirit:parameters>
      </spirit:view>
      <spirit:view>
        <spirit:name>bd_tcl</spirit:name>
        <spirit:displayName>Block Diagram</spirit:displayName>
        <spirit:envIdentifier>:vivado.xilinx.com:block.diagram</spirit:envIdentifier>
        <spirit:fileSetRef>
          <spirit:localName>bd_tcl_view_fileset</spirit:localName>
        </spirit:fileSetRef>
        <spirit:parameters>
          <spirit:parameter>
            <spirit:name>viewChecksum</spirit:name>
            <spirit:value>16328387</spirit:value>
          </spirit:parameter>
        </spirit:parameters>
      </spirit:view>
    </spirit:views>
    <spirit:ports>
      <spirit:port>
        <spirit:name>bram_addr</spirit:name>
        <spirit:wire>
          <spirit:direction>out</spirit:direction>
          <spirit:vector>
            <spirit:left spirit:format="long">14</spirit:left>
            <spirit:right spirit:format="long">0</spirit:right>
          </spirit:vector>
          <spirit:wireTypeDefs>
            <spirit:wireTypeDef>
              <spirit:typeName>wire</spirit:typeName>
              <spirit:viewNameRef>xilinx_verilogsynthesis</spirit:viewNameRef>
              <spirit:viewNameRef>xilinx_verilogbehavioralsimulation</spirit:viewNameRef>
            </spirit:wireTypeDef>
          </spirit:wireTypeDefs>
        </spirit:wire>
      </spirit:port>
      <spirit:port>
        <spirit:name>bram_rdata</spirit:name>
        <spirit:wire>
          <spirit:direction>in</spirit:direction>
          <spirit:vector>
            <spirit:left spirit:format="long">31</spirit:left>
            <spirit:right spirit:format="long">0</spirit:right>
          </spirit:vector>
          <spirit:wireTypeDefs>
            <spirit:wireTypeDef>
              <spirit:typeName>wire</spirit:typeName>
              <spirit:viewNameRef>xilinx_verilogsynthesis</spirit:viewNameRef>
              <spirit:viewNameRef>xilinx_verilogbehavioralsimulation</spirit:viewNameRef>
            </spirit:wireTypeDef>
          </spirit:wireTypeDefs>
        </spirit:wire>
      </spirit:port>
      <spirit:port>
        <spirit:name>bram_wdata</spirit:name>
        <spirit:wire>
          <spirit:direction>out</spirit:direction>
          <spirit:vector>
            <spirit:left spirit:format="long">31</spirit:left>
            <spirit:right spirit:format="long">0</spirit:right>
          </spirit:vector>
          <spirit:wireTypeDefs>
            <spirit:wireTypeDef>
              <spirit:typeName>wire</spirit:typeName>
              <spirit:viewNameRef>xilinx_verilogsynthesis</spirit:viewNameRef>
              <spirit:viewNameRef>xilinx_verilogbehavioralsimulation</spirit:viewNameRef>
            </spirit:wireTypeDef>
          </spirit:wireTypeDefs>
        </spirit:wire>
      </spirit:port>
      <spirit:port>
        <spirit:name>bram_we</spirit:name>
        <spirit:wire>
          <spirit:direction>out</spirit:direction>
          <spirit:vector>
            <spirit:left spirit:format="long">3</spirit:left>
            <spirit:right spirit:format="long">0</spirit:right>
          </spirit:vector>
          <spirit:wireTypeDefs>
            <spirit:wireTypeDef>
              <spirit:typeName>wire</spirit:typeName>
              <spirit:viewNameRef>xilinx_verilogsynthesis</spirit:viewNameRef>
              <spirit:viewNameRef>xilinx_verilogbehavioralsimulation</spirit:viewNameRef>
            </spirit:wireTypeDef>
          </spirit:wireTypeDefs>
        </spirit:wire>
      </spirit:port>
      <spirit:port>
        <spirit:name>bram_en</spirit:name>
        <spirit:wire>
          <spirit:direction>out</spirit:direction>
          <spirit:wireTypeDefs>
            <spirit:wireTypeDef>
              <spirit:typeName>wire</spirit:typeName>
              <spirit:viewNameRef>xilinx_verilogsynthesis</spirit:viewNameRef>
              <spirit:viewNameRef>xilinx_verilogbehavioralsimulation</spirit:viewNameRef>
            </spirit:wireTypeDef>
          </spirit:wireTypeDefs>
        </spirit:wire>
      </spirit:port>
      <spirit:port>
        <spirit:name>s00_axi_aclk</spirit:name>
        <spirit:wire>
          <spirit:direction>in</spirit:direction>
          <spirit:wireTypeDefs>
            <spirit:wireTypeDef>
              <spirit:typeName>wire</spirit:typeName>
              <spirit:viewNameRef>xilinx_verilogsynthesis</spirit:viewNameRef>
              <spirit:viewNameRef>xilinx_verilogbehavioralsimulation</spirit:viewNameRef>
            </spirit:wireTypeDef>
          </spirit:wireTypeDefs>
        </spirit:wire>
      </spirit:port>
      <spirit:port>
        <spirit:name>s00_axi_aresetn</spirit:name>
        <spirit:wire>
          <spirit:direction>in</spirit:direction>
          <spirit:wireTypeDefs>
            <spirit:wireTypeDef>
              <spirit:typeName>wire</spirit:typeName>
              <spirit:viewNameRef>xilinx_verilogsynthesis</spirit:viewNameRef>
              <spirit:viewNameRef>xilinx_verilogbehavioralsimulation</spirit:viewNameRef>
            </spirit:wireTypeDef>
          </spirit:wireTypeDefs>
        </spirit:wire>
      </spirit:port>
      <spirit:port>
        <spirit:name>s00_axi_awaddr</spirit:name>
        <spirit:wire>
          <spirit:direction>in</spirit:direction>
          <spirit:vector>
            <spirit:left spirit:format="long" spirit:resolve="dependent" spirit:dependency="(spirit:decode(id(&apos;MODELPARAM_VALUE.C_S00_AXI_ADDR_WIDTH&apos;)) - 1)">5</spirit:left>
            <spirit:right spirit:format="long">0</spirit:right>
          </spirit:vector>
          <spirit:wireTypeDefs>
            <spirit:wireTypeDef>
              <spirit:typeName>wire</spirit:typeName>
              <spirit:viewNameRef>xilinx_verilogsynthesis</spirit:viewNameRef>
              <spirit:viewNameRef>xilinx_verilogbehavioralsimulation</spirit:viewNameRef>
            </spirit:wireTypeDef>
          </spirit:wireTypeDefs>
        </spirit:wire>
      </spirit:port>
      <spirit:port>
        <spirit:name>s00_axi_awprot</spirit:name>
        <spirit:wire>
          <spirit:direction>in</spirit:direction>
          <spirit:vector>
            <spirit:left spirit:format="long">2</spirit:left>
            <spirit:right spirit:format="long">0</spirit:right>
          </spirit:vector>
          <spirit:wireTypeDefs>
            <spirit:wireTypeDef>
              <spirit:typeName>wire</spirit:typeName>
              <spirit:viewNameRef>xilinx_verilogsynthesis</spirit:viewNameRef>
              <spirit:viewNameRef>xilinx_verilogbehavioralsimulation</spirit:viewNameRef>
            </spirit:wireTypeDef>
          </spirit:wireTypeDefs>
        </spirit:wire>
      </spirit:port>
      <spirit:port>
        <spirit:name>s00_axi_awvalid</spirit:name>
        <spirit:wire>
          <spirit:direction>in</spirit:direction>
          <spirit:wireTypeDefs>
            <spirit:wireTypeDef>
              <spirit:typeName>wire</spirit:typeName>
              <spirit:viewNameRef>xilinx_verilogsynthesis</spirit:viewNameRef>
              <spirit:viewNameRef>xilinx_verilogbehavioralsimulation</spirit:viewNameRef>
            </spirit:wireTypeDef>
          </spirit:wireTypeDefs>
        </spirit:wire>
      </spirit:port>
      <spirit:port>
        <spirit:name>s00_axi_awready</spirit:name>
        <spirit:wire>
          <spirit:direction>out</spirit:direction>
          <spirit:wireTypeDefs>
            <spirit:wireTypeDef>
              <spirit:typeName>wire</spirit:typeName>
              <spirit:viewNameRef>xilinx_verilogsynthesis</spirit:viewNameRef>
              <spirit:viewNameRef>xilinx_verilogbehavioralsimulation</spirit:viewNameRef>
            </spirit:wireTypeDef>
          </spirit:wireTypeDefs>
        </spirit:wire>
      </spirit:port>
      <spirit:port>
        <spirit:name>s00_axi_wdata</spirit:name>
        <spirit:wire>
          <spirit:direction>in</spirit:direction>
          <spirit:vector>
            <spirit:left spirit:format="long" spirit:resolve="dependent" spirit:dependency="(spirit:decode(id(&apos;MODELPARAM_VALUE.C_S00_AXI_DATA_WIDTH&apos;)) - 1)">31</spirit:left>
            <spirit:right spirit:format="long">0</spirit:right>
          </spirit:vector>
          <spirit:wireTypeDefs>
            <spirit:wireTypeDef>
              <spirit:typeName>wire</spirit:typeName>
              <spirit:viewNameRef>xilinx_verilogsynthesis</spirit:viewNameRef>
              <spirit:viewNameRef>xilinx_verilogbehavioralsimulation</spirit:viewNameRef>
            </spirit:wireTypeDef>
          </spirit:wireTypeDefs>
        </spirit:wire>
      </spirit:port>
      <spirit:port>
        <spirit:name>s00_axi_wstrb</spirit:name>
        <spirit:wire>
          <spirit:direction>in</spirit:direction>
          <spirit:vector>
            <spirit:left spirit:format="long" spirit:resolve="dependent" spirit:dependency="((spirit:decode(id(&apos;MODELPARAM_VALUE.C_S00_AXI_DATA_WIDTH&apos;)) / 8) - 1)">3</spirit:left>
            <spirit:right spirit:format="long">0</spirit:right>
          </spirit:vector>
          <spirit:wireTypeDefs>
            <spirit:wireTypeDef>
              <spirit:typeName>wire</spirit:typeName>
              <spirit:viewNameRef>xilinx_verilogsynthesis</spirit:viewNameRef>
              <spirit:viewNameRef>xilinx_verilogbehavioralsimulation</spirit:viewNameRef>
            </spirit:wireTypeDef>
          </spirit:wireTypeDefs>
        </spirit:wire>
      </spirit:port>
      <spirit:port>
        <spirit:name>s00_axi_wvalid</spirit:name>
        <spirit:wire>
          <spirit:direction>in</spirit:direction>
          <spirit:wireTypeDefs>
            <spirit:wireTypeDef>
              <spirit:typeName>wire</spirit:typeName>
              <spirit:viewNameRef>xilinx_verilogsynthesis</spirit:viewNameRef>
              <spirit:viewNameRef>xilinx_verilogbehavioralsimulation</spirit:viewNameRef>
            </spirit:wireTypeDef>
          </spirit:wireTypeDefs>
        </spirit:wire>
      </spirit:port>
      <spirit:port>
        <spirit:name>s00_axi_wready</spirit:name>
        <spirit:wire>
          <spirit:direction>out</spirit:direction>
          <spirit:wireTypeDefs>
            <spirit:wireTypeDef>
              <spirit:typeName>wire</spirit:typeName>
              <spirit:viewNameRef>xilinx_verilogsynthesis</spirit:viewNameRef>
              <spirit:viewNameRef>xilinx_verilogbehavioralsimulation</spirit:viewNameRef>
            </spirit:wireTypeDef>
          </spirit:wireTypeDefs>
        </spirit:wire>
      </spirit:port>
      <spirit:port>
        <spirit:name>s00_axi_bresp</spirit:name>
        <spirit:wire>
          <spirit:direction>out</spirit:direction>
          <spirit:vector>
            <spirit:left spirit:format="long">1</spirit:left>
            <spirit:right spirit:format="long">0</spirit:right>
          </spirit:vector>
          <spirit:wireTypeDefs>
            <spirit:wireTypeDef>
              <spirit:typeName>wire</spirit:typeName>
              <spirit:viewNameRef>xilinx_verilogsynthesis</spirit:viewNameRef>
              <spirit:viewNameRef>xilinx_verilogbehavioralsimulation</spirit:viewNameRef>
            </spirit:wireTypeDef>
          </spirit:wireTypeDefs>
        </spirit:wire>
      </spirit:port>
      <spirit:port>
        <spirit:name>s00_axi_bvalid</spirit:name>
        <spirit:wire>
          <spirit:direction>out</spirit:direction>
          <spirit:wireTypeDefs>
            <spirit:wireTypeDef>
              <spirit:typeName>wire</spirit:typeName>
              <spirit:viewNameRef>xilinx_verilogsynthesis</spirit:viewNameRef>
              <spirit:viewNameRef>xilinx_verilogbehavioralsimulation</spirit:viewNameRef>
            </spirit:wireTypeDef>
          </spirit:wireTypeDefs>
        </spirit:wire>
      </spirit:port>
      <spirit:port>
        <spirit:name>s00_axi_bready</spirit:name>
        <spirit:wire>
          <spirit:direction>in</spirit:direction>
          <spirit:wireTypeDefs>
            <spirit:wireTypeDef>
              <spirit:typeName>wire</spirit:typeName>
              <spirit:viewNameRef>xilinx_verilogsynthesis</spirit:viewNameRef>
              <spirit:viewNameRef>xilinx_verilogbehavioralsimulation</spirit:viewNameRef>
            </spirit:wireTypeDef>
          </spirit:wireTypeDefs>
        </spirit:wire>
      </spirit:port>
      <spirit:port>
        <spirit:name>s00_axi_araddr</spirit:name>
        <spirit:wire>
          <spirit:direction>in</spirit:direction>
          <spirit:vector>
            <spirit:left spirit:format="long" spirit:resolve="dependent" spirit:dependency="(spirit:decode(id(&apos;MODELPARAM_VALUE.C_S00_AXI_ADDR_WIDTH&apos;)) - 1)">5</spirit:left>
            <spirit:right spirit:format="long">0</spirit:right>
          </spirit:vector>
          <spirit:wireTypeDefs>
            <spirit:wireTypeDef>
              <spirit:typeName>wire</spirit:typeName>
              <spirit:viewNameRef>xilinx_verilogsynthesis</spirit:viewNameRef>
              <spirit:viewNameRef>xilinx_verilogbehavioralsimulation</spirit:viewNameRef>
            </spirit:wireTypeDef>
          </spirit:wireTypeDefs>
        </spirit:wire>
      </spirit:port>
      <spirit:port>
        <spirit:name>s00_axi_arprot</spirit:name>
        <spirit:wire>
          <spirit:direction>in</spirit:direction>
          <spirit:vector>
            <spirit:left spirit:format="long">2</spirit:left>
            <spirit:right spirit:format="long">0</spirit:right>
          </spirit:vector>
          <spirit:wireTypeDefs>
            <spirit:wireTypeDef>
              <spirit:typeName>wire</spirit:typeName>
              <spirit:viewNameRef>xilinx_verilogsynthesis</spirit:viewNameRef>
              <spirit:viewNameRef>xilinx_verilogbehavioralsimulation</spirit:viewNameRef>
            </spirit:wireTypeDef>
          </spirit:wireTypeDefs>
        </spirit:wire>
      </spirit:port>
      <spirit:port>
        <spirit:name>s00_axi_arvalid</spirit:name>
        <spirit:wire>
          <spirit:direction>in</spirit:direction>
          <spirit:wireTypeDefs>
            <spirit:wireTypeDef>
              <spirit:typeName>wire</spirit:typeName>
              <spirit:viewNameRef>xilinx_verilogsynthesis</spirit:viewNameRef>
              <spirit:viewNameRef>xilinx_verilogbehavioralsimulation</spirit:viewNameRef>
            </spirit:wireTypeDef>
          </spirit:wireTypeDefs>
        </spirit:wire>
      </spirit:port>
      <spirit:port>
        <spirit:name>s00_axi_arready</spirit:name>
        <spirit:wire>
          <spirit:direction>out</spirit:direction>
          <spirit:wireTypeDefs>
            <spirit:wireTypeDef>
              <spirit:typeName>wire</spirit:typeName>
              <spirit:viewNameRef>xilinx_verilogsynthesis</spirit:viewNameRef>
              <spirit:viewNameRef>xilinx_verilogbehavioralsimulation</spirit:viewNameRef>
            </spirit:wireTypeDef>
          </spirit:wireTypeDefs>
        </spirit:wire>
      </spirit:port>
      <spirit:port>
        <spirit:name>s00_axi_rdata</spirit:name>
        <spirit:wire>
          <spirit:direction>out</spirit:direction>
          <spirit:vector>
            <spirit:left spirit:format="long" spirit:resolve="dependent" spirit:dependency="(spirit:decode(id(&apos;MODELPARAM_VALUE.C_S00_AXI_DATA_WIDTH&apos;)) - 1)">31</spirit:left>
            <spirit:right spirit:format="long">0</spirit:right>
          </spirit:vector>
          <spirit:wireTypeDefs>
            <spirit:wireTypeDef>
              <spirit:typeName>wire</spirit:typeName>
              <spirit:viewNameRef>xilinx_verilogsynthesis</spirit:viewNameRef>
              <spirit:viewNameRef>xilinx_verilogbehavioralsimulation</spirit:viewNameRef>
            </spirit:wireTypeDef>
          </spirit:wireTypeDefs>
        </spirit:wire>
      </spirit:port>
      <spirit:port>
        <spirit:name>s00_axi_rresp</spirit:name>
        <spirit:wire>
          <spirit:direction>out</spirit:direction>
          <spirit:vector>
            <spirit:left spirit:format="long">1</spirit:left>
            <spirit:right spirit:format="long">0</spirit:right>
          </spirit:vector>
          <spirit:wireTypeDefs>
            <spirit:wireTypeDef>
              <spirit:typeName>wire</spirit:typeName>
              <spirit:viewNameRef>xilinx_verilogsynthesis</spirit:viewNameRef>
              <spirit:viewNameRef>xilinx_verilogbehavioralsimulation</spirit:viewNameRef>
            </spirit:wireTypeDef>
          </spirit:wireTypeDefs>
        </spirit:wire>
      </spirit:port>
      <spirit:port>
        <spirit:name>s00_axi_rvalid</spirit:name>
        <spirit:wire>
          <spirit:direction>out</spirit:direction>
          <spirit:wireTypeDefs>
            <spirit:wireTypeDef>
              <spirit:typeName>wire</spirit:typeName>
              <spirit:viewNameRef>xilinx_verilogsynthesis</spirit:viewNameRef>
              <spirit:viewNameRef>xilinx_verilogbehavioralsimulation</spirit:viewNameRef>
            </spirit:wireTypeDef>
          </spirit:wireTypeDefs>
        </spirit:wire>
      </spirit:port>
      <spirit:port>
        <spirit:name>s00_axi_rready</spirit:name>
        <spirit:wire>
          <spirit:direction>in</spirit:direction>
          <spirit:wireTypeDefs>
            <spirit:wireTypeDef>
              <spirit:typeName>wire</spirit:typeName>
              <spirit:viewNameRef>xilinx_verilogsynthesis</spirit:viewNameRef>
              <spirit:viewNameRef>xilinx_verilogbehavioralsimulation</spirit:viewNameRef>
            </spirit:wireTypeDef>
          </spirit:wireTypeDefs>
        </spirit:wire>
      </spirit:port>
    </spirit:ports>
    <spirit:modelParameters>
      <spirit:modelParameter xsi:type="spirit:nameValueTypeType" spirit:dataType="integer">
        <spirit:name>C_S00_AXI_DATA_WIDTH</spirit:name>
        <spirit:displayName>C S00 AXI DATA WIDTH</spirit:displayName>
        <spirit:description>Width of S_AXI data bus</spirit:description>
        <spirit:value spirit:format="long" spirit:resolve="generated" spirit:id="MODELPARAM_VALUE.C_S00_AXI_DATA_WIDTH" spirit:order="3" spirit:rangeType="long">32</spirit:value>
      </spirit:modelParameter>
      <spirit:modelParameter spirit:dataType="integer">
        <spirit:name>C_S00_AXI_ADDR_WIDTH</spirit:name>
        <spirit:displayName>C S00 AXI ADDR WIDTH</spirit:displayName>
        <spirit:description>Width of S_AXI address bus</spirit:description>
        <spirit:value spirit:format="long" spirit:resolve="generated" spirit:id="MODELPARAM_VALUE.C_S00_AXI_ADDR_WIDTH" spirit:order="4" spirit:rangeType="long">6</spirit:value>
      </spirit:modelParameter>
    </spirit:modelParameters>
  </spirit:model>
  <spirit:choices>
    <spirit:choice>
      <spirit:name>choice_list_6fc15197</spirit:name>
      <spirit:enumeration>32</spirit:enumeration>
    </spirit:choice>
    <spirit:choice>
      <spirit:name>choice_list_9d8b0d81</spirit:name>
      <spirit:enumeration>ACTIVE_HIGH</spirit:enumeration>
      <spirit:enumeration>ACTIVE_LOW</spirit:enumeration>
    </spirit:choice>
    <spirit:choice>
      <spirit:name>choice_pairs_ce1226b1</spirit:name>
      <spirit:enumeration spirit:text="true">1</spirit:enumeration>
      <spirit:enumeration spirit:text="false">0</spirit:enumeration>
    </spirit:choice>
  </spirit:choices>
  <spirit:fileSets>
    <spirit:fileSet>
      <spirit:name>xilinx_verilogsynthesis_view_fileset</spirit:name>
      <spirit:file>
        <spirit:name>hdl/adder_new_v1_0_S00_AXI.v</spirit:name>
        <spirit:fileType>verilogSource</spirit:fileType>
      </spirit:file>
      <spirit:file>
        <spirit:name>hdl/adder_new_v1_0.v</spirit:name>
        <spirit:fileType>verilogSource</spirit:fileType>
        <spirit:userFileType>CHECKSUM_e6d87368</spirit:userFileType>
      </spirit:file>
    </spirit:fileSet>
    <spirit:fileSet>
      <spirit:name>xilinx_verilogbehavioralsimulation_view_fileset</spirit:name>
      <spirit:file>
        <spirit:name>hdl/adder_new_v1_0_S00_AXI.v</spirit:name>
        <spirit:fileType>verilogSource</spirit:fileType>
      </spirit:file>
      <spirit:file>
        <spirit:name>hdl/adder_new_v1_0.v</spirit:name>
        <spirit:fileType>verilogSource</spirit:fileType>
      </spirit:file>
    </spirit:fileSet>
    <spirit:fileSet>
      <spirit:name>xilinx_softwaredriver_view_fileset</spirit:name>
      <spirit:file>
        <spirit:name>drivers/adder_new_v1_0/data/adder_new.mdd</spirit:name>
        <spirit:userFileType>mdd</spirit:userFileType>
        <spirit:userFileType>driver_mdd</spirit:userFileType>
      </spirit:file>
      <spirit:file>
        <spirit:name>drivers/adder_new_v1_0/data/adder_new.tcl</spirit:name>
        <spirit:fileType>tclSource</spirit:fileType>
        <spirit:userFileType>driver_tcl</spirit:userFileType>
      </spirit:file>
      <spirit:file>
        <spirit:name>drivers/adder_new_v1_0/src/Makefile</spirit:name>
        <spirit:userFileType>driver_src</spirit:userFileType>
      </spirit:file>
      <spirit:file>
        <spirit:name>drivers/adder_new_v1_0/src/adder_new.h</spirit:name>
        <spirit:fileType>cSource</spirit:fileType>
        <spirit:userFileType>driver_src</spirit:userFileType>
      </spirit:file>
      <spirit:file>
        <spirit:name>drivers/adder_new_v1_0/src/adder_new.c</spirit:name>
        <spirit:fileType>cSource</spirit:fileType>
        <spirit:userFileType>driver_src</spirit:userFileType>
      </spirit:file>
      <spirit:file>
        <spirit:name>drivers/adder_new_v1_0/src/adder_new_selftest.c</spirit:name>
        <spirit:fileType>cSource</spirit:fileType>
        <spirit:userFileType>driver_src</spirit:userFileType>
      </spirit:file>
    </spirit:fileSet>
    <spirit:fileSet>
      <spirit:name>xilinx_xpgui_view_fileset</spirit:name>
      <spirit:file>
        <spirit:name>xgui/adder_new_v1_0.tcl</spirit:name>
        <spirit:fileType>tclSource</spirit:fileType>
        <spirit:userFileType>CHECKSUM_0e5443b4</spirit:userFileType>
        <spirit:userFileType>XGUI_VERSION_2</spirit:userFileType>
      </spirit:file>
    </spirit:fileSet>
    <spirit:fileSet>
      <spirit:name>bd_tcl_view_fileset</spirit:name>
      <spirit:file>
        <spirit:name>bd/bd.tcl</spirit:name>
        <spirit:fileType>tclSource</spirit:fileType>
      </spirit:file>
    </spirit:fileSet>
  </spirit:fileSets>
  <spirit:description>My new AXI IP</spirit:description>
  <spirit:parameters>
    <spirit:parameter>
      <spirit:name>C_S00_AXI_DATA_WIDTH</spirit:name>
      <spirit:displayName>C S00 AXI DATA WIDTH</spirit:displayName>
      <spirit:description>Width of S_AXI data bus</spirit:description>
      <spirit:value spirit:format="long" spirit:resolve="user" spirit:id="PARAM_VALUE.C_S00_AXI_DATA_WIDTH" spirit:choiceRef="choice_list_6fc15197" spirit:order="3">32</spirit:value>
      <spirit:vendorExtensions>
        <xilinx:parameterInfo>
          <xilinx:enablement>
            <xilinx:isEnabled xilinx:id="PARAM_ENABLEMENT.C_S00_AXI_DATA_WIDTH">false</xilinx:isEnabled>
          </xilinx:enablement>
        </xilinx:parameterInfo>
      </spirit:vendorExtensions>
    </spirit:parameter>
    <spirit:parameter>
      <spirit:name>C_S00_AXI_ADDR_WIDTH</spirit:name>
      <spirit:displayName>C S00 AXI ADDR WIDTH</spirit:displayName>
      <spirit:description>Width of S_AXI address bus</spirit:description>
      <spirit:value spirit:format="long" spirit:resolve="user" spirit:id="PARAM_VALUE.C_S00_AXI_ADDR_WIDTH" spirit:order="4" spirit:rangeType="long">6</spirit:value>
      <spirit:vendorExtensions>
        <xilinx:parameterInfo>
          <xilinx:enablement>
            <xilinx:isEnabled xilinx:id="PARAM_ENABLEMENT.C_S00_AXI_ADDR_WIDTH">false</xilinx:isEnabled>
          </xilinx:enablement>
        </xilinx:parameterInfo>
      </spirit:vendorExtensions>
    </spirit:parameter>
    <spirit:parameter>
      <spirit:name>C_S00_AXI_BASEADDR</spirit:name>
      <spirit:displayName>C S00 AXI BASEADDR</spirit:displayName>
      <spirit:value spirit:format="bitString" spirit:resolve="user" spirit:id="PARAM_VALUE.C_S00_AXI_BASEADDR" spirit:order="5" spirit:bitStringLength="32">0xFFFFFFFF</spirit:value>
      <spirit:vendorExtensions>
        <xilinx:parameterInfo>
          <xilinx:enablement>
            <xilinx:isEnabled xilinx:id="PARAM_ENABLEMENT.C_S00_AXI_BASEADDR">false</xilinx:isEnabled>
          </xilinx:enablement>
        </xilinx:parameterInfo>
      </spirit:vendorExtensions>
    </spirit:parameter>
    <spirit:parameter>
      <spirit:name>C_S00_AXI_HIGHADDR</spirit:name>
      <spirit:displayName>C S00 AXI HIGHADDR</spirit:displayName>
      <spirit:value spirit:format="bitString" spirit:resolve="user" spirit:id="PARAM_VALUE.C_S00_AXI_HIGHADDR" spirit:order="6" spirit:bitStringLength="32">0x00000000</spirit:value>
      <spirit:vendorExtensions>
        <xilinx:parameterInfo>
          <xilinx:enablement>
            <xilinx:isEnabled xilinx:id="PARAM_ENABLEMENT.C_S00_AXI_HIGHADDR">false</xilinx:isEnabled>
          </xilinx:enablement>
        </xilinx:parameterInfo>
      </spirit:vendorExtensions>
    </spirit:parameter>
    <spirit:parameter>
      <spirit:name>Component_Name</spirit:name>
      <spirit:value spirit:resolve="user" spirit:id="PARAM_VALUE.Component_Name" spirit:order="1">adder_new_v1_0</spirit:value>
    </spirit:parameter>
  </spirit:parameters>
  <spirit:vendorExtensions>
    <xilinx:coreExtensions>
      <xilinx:supportedFamilies>
        <xilinx:family xilinx:lifeCycle="Pre-Production">zynq</xilinx:family>
      </xilinx:supportedFamilies>
      <xilinx:taxonomies>
        <xilinx:taxonomy>AXI_Peripheral</xilinx:taxonomy>
      </xilinx:taxonomies>
      <xilinx:displayName>adder_new_v1.0</xilinx:displayName>
      <xilinx:coreRevision>13</xilinx:coreRevision>
      <xilinx:coreCreationDateTime>2020-04-08T03:36:03Z</xilinx:coreCreationDateTime>
      <xilinx:tags>
        <xilinx:tag xilinx:name="ui.data.coregen.dd@2218961e_ARCHIVE_LOCATION">c:/Users/amank/Documents/Xilinx/hw_design/ip_repo/adder_new_1.0</xilinx:tag>
        <xilinx:tag xilinx:name="ui.data.coregen.dd@446cd3ec_ARCHIVE_LOCATION">c:/Users/amank/Documents/Xilinx/hw_design/ip_repo/adder_new_1.0</xilinx:tag>
        <xilinx:tag xilinx:name="ui.data.coregen.dd@51eeea1_ARCHIVE_LOCATION">c:/Users/amank/Documents/Xilinx/hw_design/ip_repo/adder_new_1.0</xilinx:tag>
        <xilinx:tag xilinx:name="ui.data.coregen.dd@3f16ae47_ARCHIVE_LOCATION">c:/Users/amank/Documents/Xilinx/hw_design/ip_repo/adder_new_1.0</xilinx:tag>
        <xilinx:tag xilinx:name="ui.data.coregen.dd@2b05b91_ARCHIVE_LOCATION">c:/Users/amank/Documents/Xilinx/hw_design/ip_repo/adder_new_1.0</xilinx:tag>
        <xilinx:tag xilinx:name="ui.data.coregen.dd@20937ce7_ARCHIVE_LOCATION">c:/Users/amank/Documents/Xilinx/hw_design/ip_repo/adder_new_1.0</xilinx:tag>
        <xilinx:tag xilinx:name="ui.data.coregen.dd@4aa36e9f_ARCHIVE_LOCATION">c:/Users/amank/Documents/Xilinx/hw_design/ip_repo/adder_new_1.0</xilinx:tag>
        <xilinx:tag xilinx:name="ui.data.coregen.dd@6378ba60_ARCHIVE_LOCATION">c:/Users/amank/Documents/Xilinx/hw_design/ip_repo/adder_new_1.0</xilinx:tag>
        <xilinx:tag xilinx:name="ui.data.coregen.dd@2f034eea_ARCHIVE_LOCATION">c:/Users/amank/Documents/Xilinx/hw_design/ip_repo/adder_new_1.0</xilinx:tag>
        <xilinx:tag xilinx:name="ui.data.coregen.dd@e83c211_ARCHIVE_LOCATION">c:/Users/amank/Documents/Xilinx/hw_design/ip_repo/adder_new_1.0</xilinx:tag>
        <xilinx:tag xilinx:name="ui.data.coregen.dd@55854a04_ARCHIVE_LOCATION">c:/Users/amank/Documents/Xilinx/hw_design/ip_repo/adder_new_1.0</xilinx:tag>
        <xilinx:tag xilinx:name="ui.data.coregen.dd@6178d34_ARCHIVE_LOCATION">c:/Users/amank/Documents/Xilinx/hw_design/ip_repo/adder_new_1.0</xilinx:tag>
        <xilinx:tag xilinx:name="ui.data.coregen.dd@7e419f04_ARCHIVE_LOCATION">c:/Users/amank/Documents/Xilinx/hw_design/ip_repo/adder_new_1.0</xilinx:tag>
        <xilinx:tag xilinx:name="ui.data.coregen.dd@5e1a4f69_ARCHIVE_LOCATION">c:/Users/amank/Documents/Xilinx/hw_design/ip_repo/adder_new_1.0</xilinx:tag>
        <xilinx:tag xilinx:name="ui.data.coregen.dd@57e4def4_ARCHIVE_LOCATION">c:/Users/amank/Documents/Xilinx/hw_design/ip_repo/adder_new_1.0</xilinx:tag>
        <xilinx:tag xilinx:name="ui.data.coregen.dd@1225df4b_ARCHIVE_LOCATION">c:/Users/amank/Documents/Xilinx/hw_design/ip_repo/adder_new_1.0</xilinx:tag>
        <xilinx:tag xilinx:name="ui.data.coregen.dd@15c0ccff_ARCHIVE_LOCATION">c:/Users/amank/Documents/Xilinx/hw_design/ip_repo/adder_new_1.0</xilinx:tag>
        <xilinx:tag xilinx:name="ui.data.coregen.dd@3e805806_ARCHIVE_LOCATION">c:/Users/amank/Documents/Xilinx/hw_design/ip_repo/adder_new_1.0</xilinx:tag>
        <xilinx:tag xilinx:name="ui.data.coregen.dd@439c9fa2_ARCHIVE_LOCATION">c:/Users/amank/Documents/Xilinx/hw_design/ip_repo/adder_new_1.0</xilinx:tag>
        <xilinx:tag xilinx:name="ui.data.coregen.dd@400cba1f_ARCHIVE_LOCATION">c:/Users/amank/Documents/Xilinx/hw_design/ip_repo/adder_new_1.0</xilinx:tag>
        <xilinx:tag xilinx:name="ui.data.coregen.dd@c56df9a_ARCHIVE_LOCATION">c:/Users/amank/Documents/Xilinx/hw_design/ip_repo/adder_new_1.0</xilinx:tag>
        <xilinx:tag xilinx:name="ui.data.coregen.dd@59ab4cf6_ARCHIVE_LOCATION">c:/Users/amank/Documents/Xilinx/hw_design/ip_repo/adder_new_1.0</xilinx:tag>
        <xilinx:tag xilinx:name="ui.data.coregen.dd@323bcc1_ARCHIVE_LOCATION">c:/Users/amank/Documents/Xilinx/hw_design/ip_repo/adder_new_1.0</xilinx:tag>
        <xilinx:tag xilinx:name="ui.data.coregen.dd@50815696_ARCHIVE_LOCATION">c:/Users/amank/Documents/Xilinx/hw_design/ip_repo/adder_new_1.0</xilinx:tag>
        <xilinx:tag xilinx:name="ui.data.coregen.dd@3297cc64_ARCHIVE_LOCATION">c:/Users/amank/Documents/Xilinx/hw_design/ip_repo/adder_new_1.0</xilinx:tag>
        <xilinx:tag xilinx:name="ui.data.coregen.dd@421907ea_ARCHIVE_LOCATION">c:/Users/amank/Documents/Xilinx/hw_design/ip_repo/adder_new_1.0</xilinx:tag>
        <xilinx:tag xilinx:name="ui.data.coregen.dd@2aeb1811_ARCHIVE_LOCATION">c:/Users/amank/Documents/Xilinx/hw_design/ip_repo/adder_new_1.0</xilinx:tag>
        <xilinx:tag xilinx:name="ui.data.coregen.dd@68ecfb25_ARCHIVE_LOCATION">c:/Users/amank/Documents/Xilinx/hw_design/ip_repo/adder_new_1.0</xilinx:tag>
        <xilinx:tag xilinx:name="ui.data.coregen.dd@f47ac14_ARCHIVE_LOCATION">c:/Users/amank/Documents/Xilinx/hw_design/ip_repo/adder_new_1.0</xilinx:tag>
        <xilinx:tag xilinx:name="ui.data.coregen.dd@100a94e5_ARCHIVE_LOCATION">c:/Users/amank/Documents/Xilinx/hw_design/ip_repo/adder_new_1.0</xilinx:tag>
        <xilinx:tag xilinx:name="ui.data.coregen.dd@7592d048_ARCHIVE_LOCATION">c:/Users/amank/Documents/Xilinx/hw_design/ip_repo/adder_new_1.0</xilinx:tag>
        <xilinx:tag xilinx:name="ui.data.coregen.dd@183cb295_ARCHIVE_LOCATION">c:/Users/amank/Documents/Xilinx/hw_design/ip_repo/adder_new_1.0</xilinx:tag>
        <xilinx:tag xilinx:name="ui.data.coregen.dd@77fa1679_ARCHIVE_LOCATION">c:/Users/amank/Documents/Xilinx/hw_design/ip_repo/adder_new_1.0</xilinx:tag>
        <xilinx:tag xilinx:name="ui.data.coregen.dd@7cd03f77_ARCHIVE_LOCATION">c:/Users/amank/Documents/Xilinx/hw_design/ip_repo/adder_new_1.0</xilinx:tag>
        <xilinx:tag xilinx:name="ui.data.coregen.dd@162b019e_ARCHIVE_LOCATION">c:/Users/amank/Documents/Xilinx/hw_design/ip_repo/adder_new_1.0</xilinx:tag>
        <xilinx:tag xilinx:name="ui.data.coregen.dd@41b216d8_ARCHIVE_LOCATION">c:/Users/amank/Documents/Xilinx/hw_design/ip_repo/adder_new_1.0</xilinx:tag>
        <xilinx:tag xilinx:name="ui.data.coregen.dd@1b1673d7_ARCHIVE_LOCATION">c:/Users/amank/Documents/Xilinx/hw_design/ip_repo/adder_new_1.0</xilinx:tag>
        <xilinx:tag xilinx:name="ui.data.coregen.dd@74600e74_ARCHIVE_LOCATION">c:/Users/amank/Documents/Xilinx/hw_design/ip_repo/adder_new_1.0</xilinx:tag>
        <xilinx:tag xilinx:name="ui.data.coregen.dd@5d6c62f_ARCHIVE_LOCATION">c:/Users/amank/Documents/Xilinx/hw_design/ip_repo/adder_new_1.0</xilinx:tag>
        <xilinx:tag xilinx:name="ui.data.coregen.dd@3ad263a1_ARCHIVE_LOCATION">c:/Users/amank/Documents/Xilinx/hw_design/ip_repo/adder_new_1.0</xilinx:tag>
        <xilinx:tag xilinx:name="ui.data.coregen.dd@688cd5fd_ARCHIVE_LOCATION">c:/Users/amank/Documents/Xilinx/hw_design/ip_repo/adder_new_1.0</xilinx:tag>
        <xilinx:tag xilinx:name="ui.data.coregen.dd@47f8b3ad_ARCHIVE_LOCATION">c:/Users/amank/Documents/Xilinx/hw_design/ip_repo/adder_new_1.0</xilinx:tag>
        <xilinx:tag xilinx:name="ui.data.coregen.dd@6cf37611_ARCHIVE_LOCATION">c:/Users/amank/Documents/Xilinx/hw_design/ip_repo/adder_new_1.0</xilinx:tag>
        <xilinx:tag xilinx:name="ui.data.coregen.dd@358159c1_ARCHIVE_LOCATION">c:/Users/amank/Documents/Xilinx/hw_design/ip_repo/adder_new_1.0</xilinx:tag>
        <xilinx:tag xilinx:name="ui.data.coregen.dd@62d7103a_ARCHIVE_LOCATION">c:/Users/amank/Documents/Xilinx/hw_design/ip_repo/adder_new_1.0</xilinx:tag>
        <xilinx:tag xilinx:name="ui.data.coregen.dd@4cbecd44_ARCHIVE_LOCATION">c:/Users/amank/Documents/Xilinx/hw_design/ip_repo/adder_new_1.0</xilinx:tag>
        <xilinx:tag xilinx:name="ui.data.coregen.dd@4126f977_ARCHIVE_LOCATION">c:/Users/amank/Documents/Xilinx/hw_design/ip_repo/adder_new_1.0</xilinx:tag>
        <xilinx:tag xilinx:name="ui.data.coregen.dd@6fb68565_ARCHIVE_LOCATION">c:/Users/amank/Documents/Xilinx/hw_design/ip_repo/adder_new_1.0</xilinx:tag>
        <xilinx:tag xilinx:name="ui.data.coregen.dd@60682eb1_ARCHIVE_LOCATION">c:/Users/amank/Documents/Xilinx/hw_design/ip_repo/adder_new_1.0</xilinx:tag>
        <xilinx:tag xilinx:name="ui.data.coregen.dd@286baff2_ARCHIVE_LOCATION">c:/Users/amank/Documents/Xilinx/hw_design/ip_repo/adder_new_1.0</xilinx:tag>
        <xilinx:tag xilinx:name="ui.data.coregen.dd@7edd7317_ARCHIVE_LOCATION">c:/Users/amank/Documents/Xilinx/hw_design/ip_repo/adder_new_1.0</xilinx:tag>
        <xilinx:tag xilinx:name="ui.data.coregen.dd@535b1272_ARCHIVE_LOCATION">c:/Users/amank/Documents/Xilinx/hw_design/ip_repo/adder_new_1.0</xilinx:tag>
        <xilinx:tag xilinx:name="ui.data.coregen.dd@59759ab7_ARCHIVE_LOCATION">c:/Users/amank/Documents/Xilinx/hw_design/ip_repo/adder_new_1.0</xilinx:tag>
        <xilinx:tag xilinx:name="ui.data.coregen.dd@90e14e7_ARCHIVE_LOCATION">c:/Users/amank/Documents/Xilinx/hw_design/ip_repo/adder_new_1.0</xilinx:tag>
        <xilinx:tag xilinx:name="ui.data.coregen.dd@55a22c48_ARCHIVE_LOCATION">c:/Users/amank/Documents/Xilinx/hw_design/ip_repo/adder_new_1.0</xilinx:tag>
        <xilinx:tag xilinx:name="ui.data.coregen.dd@41898592_ARCHIVE_LOCATION">c:/Users/amank/Documents/Xilinx/hw_design/ip_repo/adder_new_1.0</xilinx:tag>
        <xilinx:tag xilinx:name="ui.data.coregen.dd@11615498_ARCHIVE_LOCATION">c:/Users/amank/Documents/Xilinx/hw_design/ip_repo/adder_new_1.0</xilinx:tag>
        <xilinx:tag xilinx:name="ui.data.coregen.dd@579ac705_ARCHIVE_LOCATION">c:/Users/amank/Documents/Xilinx/hw_design/ip_repo/adder_new_1.0</xilinx:tag>
        <xilinx:tag xilinx:name="ui.data.coregen.dd@77af33f1_ARCHIVE_LOCATION">c:/Users/amank/Documents/Xilinx/hw_design/ip_repo/adder_new_1.0</xilinx:tag>
        <xilinx:tag xilinx:name="ui.data.coregen.dd@51e3b285_ARCHIVE_LOCATION">c:/Users/amank/Documents/Xilinx/hw_design/ip_repo/adder_new_1.0</xilinx:tag>
        <xilinx:tag xilinx:name="ui.data.coregen.dd@76ebd90b_ARCHIVE_LOCATION">c:/Users/amank/Documents/Xilinx/hw_design/ip_repo/adder_new_1.0</xilinx:tag>
        <xilinx:tag xilinx:name="ui.data.coregen.dd@7470372f_ARCHIVE_LOCATION">c:/Users/amank/Documents/Xilinx/hw_design/ip_repo/adder_new_1.0</xilinx:tag>
        <xilinx:tag xilinx:name="ui.data.coregen.dd@ba0bfb6_ARCHIVE_LOCATION">c:/Users/amank/Documents/Xilinx/hw_design/ip_repo/adder_new_1.0</xilinx:tag>
        <xilinx:tag xilinx:name="ui.data.coregen.dd@3e06c46e_ARCHIVE_LOCATION">c:/Users/amank/Documents/Xilinx/hw_design/ip_repo/adder_new_1.0</xilinx:tag>
        <xilinx:tag xilinx:name="ui.data.coregen.dd@6d52b461_ARCHIVE_LOCATION">c:/Users/amank/Documents/Xilinx/hw_design/ip_repo/adder_new_1.0</xilinx:tag>
        <xilinx:tag xilinx:name="ui.data.coregen.dd@15ea28b8_ARCHIVE_LOCATION">c:/Users/amank/Documents/Xilinx/hw_design/ip_repo/adder_new_1.0</xilinx:tag>
        <xilinx:tag xilinx:name="ui.data.coregen.dd@3431aa2d_ARCHIVE_LOCATION">c:/Users/amank/Documents/Xilinx/hw_design/ip_repo/adder_new_1.0</xilinx:tag>
        <xilinx:tag xilinx:name="ui.data.coregen.dd@5a6c7d28_ARCHIVE_LOCATION">c:/Users/amank/Documents/Xilinx/hw_design/ip_repo/adder_new_1.0</xilinx:tag>
        <xilinx:tag xilinx:name="ui.data.coregen.dd@6a743cb1_ARCHIVE_LOCATION">c:/Users/amank/Documents/Xilinx/hw_design/ip_repo/adder_new_1.0</xilinx:tag>
        <xilinx:tag xilinx:name="ui.data.coregen.dd@1e6993dd_ARCHIVE_LOCATION">c:/Users/amank/Documents/Xilinx/hw_design/ip_repo/adder_new_1.0</xilinx:tag>
        <xilinx:tag xilinx:name="ui.data.coregen.dd@3ca280a3_ARCHIVE_LOCATION">c:/Users/amank/Documents/Xilinx/hw_design/ip_repo/adder_new_1.0</xilinx:tag>
        <xilinx:tag xilinx:name="ui.data.coregen.dd@18b769cb_ARCHIVE_LOCATION">c:/Users/amank/Documents/Xilinx/hw_design/ip_repo/adder_new_1.0</xilinx:tag>
        <xilinx:tag xilinx:name="ui.data.coregen.dd@12c5fb4c_ARCHIVE_LOCATION">c:/Users/amank/Documents/Xilinx/hw_design/ip_repo/adder_new_1.0</xilinx:tag>
        <xilinx:tag xilinx:name="ui.data.coregen.dd@3cd2a1a0_ARCHIVE_LOCATION">c:/Users/amank/Documents/Xilinx/hw_design/ip_repo/adder_new_1.0</xilinx:tag>
        <xilinx:tag xilinx:name="ui.data.coregen.dd@66d11525_ARCHIVE_LOCATION">c:/Users/amank/Documents/Xilinx/hw_design/ip_repo/adder_new_1.0</xilinx:tag>
        <xilinx:tag xilinx:name="ui.data.coregen.dd@288450a5_ARCHIVE_LOCATION">c:/Users/amank/Documents/Xilinx/hw_design/ip_repo/adder_new_1.0</xilinx:tag>
        <xilinx:tag xilinx:name="ui.data.coregen.dd@29e7cd49_ARCHIVE_LOCATION">c:/Users/amank/Documents/Xilinx/hw_design/ip_repo/adder_new_1.0</xilinx:tag>
        <xilinx:tag xilinx:name="ui.data.coregen.dd@607e55df_ARCHIVE_LOCATION">c:/Users/amank/Documents/Xilinx/hw_design/ip_repo/adder_new_1.0</xilinx:tag>
        <xilinx:tag xilinx:name="ui.data.coregen.dd@4aa81615_ARCHIVE_LOCATION">c:/Users/amank/Documents/Xilinx/hw_design/ip_repo/adder_new_1.0</xilinx:tag>
        <xilinx:tag xilinx:name="ui.data.coregen.dd@603424d2_ARCHIVE_LOCATION">c:/Users/amank/Documents/Xilinx/hw_design/ip_repo/adder_new_1.0</xilinx:tag>
        <xilinx:tag xilinx:name="ui.data.coregen.dd@2034524_ARCHIVE_LOCATION">c:/Users/amank/Documents/Xilinx/hw_design/ip_repo/adder_new_1.0</xilinx:tag>
        <xilinx:tag xilinx:name="ui.data.coregen.dd@6ae60e21_ARCHIVE_LOCATION">c:/Users/amank/Documents/Xilinx/hw_design/ip_repo/adder_new_1.0</xilinx:tag>
        <xilinx:tag xilinx:name="ui.data.coregen.dd@613f0878_ARCHIVE_LOCATION">c:/Users/amank/Documents/Xilinx/hw_design/ip_repo/adder_new_1.0</xilinx:tag>
        <xilinx:tag xilinx:name="ui.data.coregen.dd@399616de_ARCHIVE_LOCATION">c:/Users/amank/Documents/Xilinx/hw_design/ip_repo/adder_new_1.0</xilinx:tag>
        <xilinx:tag xilinx:name="ui.data.coregen.dd@716c450f_ARCHIVE_LOCATION">c:/Users/amank/Documents/Xilinx/hw_design/ip_repo/adder_new_1.0</xilinx:tag>
        <xilinx:tag xilinx:name="ui.data.coregen.dd@4a2f5b5a_ARCHIVE_LOCATION">c:/Users/amank/Documents/Xilinx/hw_design/ip_repo/adder_new_1.0</xilinx:tag>
        <xilinx:tag xilinx:name="ui.data.coregen.dd@36a18127_ARCHIVE_LOCATION">c:/Users/amank/Documents/Xilinx/hw_design/ip_repo/adder_new_1.0</xilinx:tag>
        <xilinx:tag xilinx:name="ui.data.coregen.dd@226372d4_ARCHIVE_LOCATION">c:/Users/amank/Documents/Xilinx/hw_design/ip_repo/adder_new_1.0</xilinx:tag>
        <xilinx:tag xilinx:name="ui.data.coregen.dd@f0b55f8_ARCHIVE_LOCATION">c:/Users/amank/Documents/Xilinx/hw_design/ip_repo/adder_new_1.0</xilinx:tag>
        <xilinx:tag xilinx:name="ui.data.coregen.dd@54189047_ARCHIVE_LOCATION">c:/Users/amank/Documents/Xilinx/hw_design/ip_repo/adder_new_1.0</xilinx:tag>
        <xilinx:tag xilinx:name="ui.data.coregen.dd@15e295b2_ARCHIVE_LOCATION">c:/Users/amank/Documents/Xilinx/hw_design/ip_repo/adder_new_1.0</xilinx:tag>
        <xilinx:tag xilinx:name="ui.data.coregen.dd@b0f2ce_ARCHIVE_LOCATION">c:/Users/amank/Documents/Xilinx/hw_design/ip_repo/adder_new_1.0</xilinx:tag>
        <xilinx:tag xilinx:name="ui.data.coregen.dd@2993dce7_ARCHIVE_LOCATION">c:/Users/amank/Documents/Xilinx/hw_design/ip_repo/adder_new_1.0</xilinx:tag>
        <xilinx:tag xilinx:name="ui.data.coregen.dd@72246d4e_ARCHIVE_LOCATION">c:/Users/amank/Documents/Xilinx/hw_design/ip_repo/adder_new_1.0</xilinx:tag>
        <xilinx:tag xilinx:name="ui.data.coregen.dd@228a4f2f_ARCHIVE_LOCATION">c:/Users/amank/Documents/Xilinx/hw_design/ip_repo/adder_new_1.0</xilinx:tag>
        <xilinx:tag xilinx:name="ui.data.coregen.dd@2edf3d67_ARCHIVE_LOCATION">c:/Users/amank/Documents/Xilinx/hw_design/ip_repo/adder_new_1.0</xilinx:tag>
        <xilinx:tag xilinx:name="ui.data.coregen.dd@76858cad_ARCHIVE_LOCATION">c:/Users/amank/Documents/Xilinx/hw_design/ip_repo/adder_new_1.0</xilinx:tag>
        <xilinx:tag xilinx:name="ui.data.coregen.dd@69b0fe3a_ARCHIVE_LOCATION">c:/Users/amank/Documents/Xilinx/hw_design/ip_repo/adder_new_1.0</xilinx:tag>
        <xilinx:tag xilinx:name="ui.data.coregen.dd@726ad85d_ARCHIVE_LOCATION">c:/Users/amank/Documents/Xilinx/hw_design/ip_repo/adder_new_1.0</xilinx:tag>
        <xilinx:tag xilinx:name="ui.data.coregen.dd@3968c6ef_ARCHIVE_LOCATION">c:/Users/amank/Documents/Xilinx/hw_design/ip_repo/adder_new_1.0</xilinx:tag>
        <xilinx:tag xilinx:name="ui.data.coregen.dd@4cb30f96_ARCHIVE_LOCATION">c:/Users/amank/Documents/Xilinx/hw_design/ip_repo/adder_new_1.0</xilinx:tag>
        <xilinx:tag xilinx:name="ui.data.coregen.dd@776f4254_ARCHIVE_LOCATION">c:/Users/amank/Documents/Xilinx/hw_design/ip_repo/adder_new_1.0</xilinx:tag>
        <xilinx:tag xilinx:name="ui.data.coregen.dd@71e8cd6_ARCHIVE_LOCATION">c:/Users/amank/Documents/Xilinx/hw_design/ip_repo/adder_new_1.0</xilinx:tag>
        <xilinx:tag xilinx:name="ui.data.coregen.dd@45dfd1d2_ARCHIVE_LOCATION">c:/Users/amank/Documents/Xilinx/hw_design/ip_repo/adder_new_1.0</xilinx:tag>
        <xilinx:tag xilinx:name="ui.data.coregen.dd@748ef31b_ARCHIVE_LOCATION">c:/Users/amank/Documents/Xilinx/hw_design/ip_repo/adder_new_1.0</xilinx:tag>
        <xilinx:tag xilinx:name="ui.data.coregen.dd@4ce01d88_ARCHIVE_LOCATION">c:/Users/amank/Documents/Xilinx/hw_design/ip_repo/adder_new_1.0</xilinx:tag>
        <xilinx:tag xilinx:name="ui.data.coregen.dd@6e9059ee_ARCHIVE_LOCATION">c:/Users/amank/Documents/Xilinx/hw_design/ip_repo/adder_new_1.0</xilinx:tag>
        <xilinx:tag xilinx:name="ui.data.coregen.dd@7624e633_ARCHIVE_LOCATION">c:/Users/amank/Documents/Xilinx/hw_design/ip_repo/adder_new_1.0</xilinx:tag>
        <xilinx:tag xilinx:name="ui.data.coregen.dd@4a0947d3_ARCHIVE_LOCATION">c:/Users/amank/Documents/Xilinx/hw_design/ip_repo/adder_new_1.0</xilinx:tag>
        <xilinx:tag xilinx:name="ui.data.coregen.dd@1d4cf99f_ARCHIVE_LOCATION">c:/Users/amank/Documents/Xilinx/hw_design/ip_repo/adder_new_1.0</xilinx:tag>
        <xilinx:tag xilinx:name="ui.data.coregen.dd@8cb1917_ARCHIVE_LOCATION">c:/Users/amank/Documents/Xilinx/hw_design/ip_repo/adder_new_1.0</xilinx:tag>
        <xilinx:tag xilinx:name="ui.data.coregen.dd@2a7d4aab_ARCHIVE_LOCATION">c:/Users/amank/Documents/Xilinx/hw_design/ip_repo/adder_new_1.0</xilinx:tag>
        <xilinx:tag xilinx:name="ui.data.coregen.dd@58350f8_ARCHIVE_LOCATION">c:/Users/amank/Documents/Xilinx/hw_design/ip_repo/adder_new_1.0</xilinx:tag>
        <xilinx:tag xilinx:name="ui.data.coregen.dd@2b712991_ARCHIVE_LOCATION">c:/Users/amank/Documents/Xilinx/hw_design/ip_repo/adder_new_1.0</xilinx:tag>
        <xilinx:tag xilinx:name="ui.data.coregen.dd@6927c3e0_ARCHIVE_LOCATION">c:/Users/amank/Documents/Xilinx/hw_design/ip_repo/adder_new_1.0</xilinx:tag>
        <xilinx:tag xilinx:name="ui.data.coregen.dd@4d727dd7_ARCHIVE_LOCATION">c:/Users/amank/Documents/Xilinx/hw_design/ip_repo/adder_new_1.0</xilinx:tag>
        <xilinx:tag xilinx:name="ui.data.coregen.dd@15179f7b_ARCHIVE_LOCATION">c:/Users/amank/Documents/Xilinx/hw_design/ip_repo/adder_new_1.0</xilinx:tag>
        <xilinx:tag xilinx:name="ui.data.coregen.dd@775758d5_ARCHIVE_LOCATION">c:/Users/amank/Documents/Xilinx/hw_design/ip_repo/adder_new_1.0</xilinx:tag>
        <xilinx:tag xilinx:name="ui.data.coregen.dd@b777e64_ARCHIVE_LOCATION">c:/Users/amank/Documents/Xilinx/hw_design/ip_repo/adder_new_1.0</xilinx:tag>
        <xilinx:tag xilinx:name="ui.data.coregen.dd@7fe2052e_ARCHIVE_LOCATION">c:/Users/amank/Documents/Xilinx/hw_design/ip_repo/adder_new_1.0</xilinx:tag>
        <xilinx:tag xilinx:name="ui.data.coregen.dd@324f44d8_ARCHIVE_LOCATION">c:/Users/amank/Documents/Xilinx/hw_design/ip_repo/adder_new_1.0</xilinx:tag>
        <xilinx:tag xilinx:name="ui.data.coregen.dd@3ad01d32_ARCHIVE_LOCATION">c:/Users/amank/Documents/Xilinx/hw_design/ip_repo/adder_new_1.0</xilinx:tag>
        <xilinx:tag xilinx:name="ui.data.coregen.dd@2260d2a8_ARCHIVE_LOCATION">c:/Users/amank/Documents/Xilinx/hw_design/ip_repo/adder_new_1.0</xilinx:tag>
        <xilinx:tag xilinx:name="ui.data.coregen.dd@19e2da9c_ARCHIVE_LOCATION">c:/Users/amank/Documents/Xilinx/hw_design/ip_repo/adder_new_1.0</xilinx:tag>
        <xilinx:tag xilinx:name="ui.data.coregen.dd@41b46a89_ARCHIVE_LOCATION">c:/Users/amank/Documents/Xilinx/hw_design/ip_repo/adder_new_1.0</xilinx:tag>
        <xilinx:tag xilinx:name="ui.data.coregen.dd@1e4ce5c_ARCHIVE_LOCATION">c:/Users/amank/Documents/Xilinx/hw_design/ip_repo/adder_new_1.0</xilinx:tag>
        <xilinx:tag xilinx:name="ui.data.coregen.dd@7461ada0_ARCHIVE_LOCATION">c:/Users/amank/Documents/Xilinx/hw_design/ip_repo/adder_new_1.0</xilinx:tag>
        <xilinx:tag xilinx:name="ui.data.coregen.dd@2a11c6aa_ARCHIVE_LOCATION">c:/Users/amank/Documents/Xilinx/hw_design/ip_repo/adder_new_1.0</xilinx:tag>
        <xilinx:tag xilinx:name="ui.data.coregen.dd@3d484c69_ARCHIVE_LOCATION">c:/Users/amank/Documents/Xilinx/hw_design/ip_repo/adder_new_1.0</xilinx:tag>
        <xilinx:tag xilinx:name="ui.data.coregen.dd@782cfc72_ARCHIVE_LOCATION">c:/Users/amank/Documents/Xilinx/hw_design/ip_repo/adder_new_1.0</xilinx:tag>
        <xilinx:tag xilinx:name="ui.data.coregen.dd@43af4d25_ARCHIVE_LOCATION">c:/Users/amank/Documents/Xilinx/hw_design/ip_repo/adder_new_1.0</xilinx:tag>
        <xilinx:tag xilinx:name="ui.data.coregen.dd@3c019ee6_ARCHIVE_LOCATION">c:/Users/amank/Documents/Xilinx/hw_design/ip_repo/adder_new_1.0</xilinx:tag>
        <xilinx:tag xilinx:name="ui.data.coregen.dd@66facc58_ARCHIVE_LOCATION">c:/Users/amank/Documents/Xilinx/hw_design/ip_repo/adder_new_1.0</xilinx:tag>
        <xilinx:tag xilinx:name="ui.data.coregen.dd@294474c_ARCHIVE_LOCATION">c:/Users/amank/Documents/Xilinx/hw_design/ip_repo/adder_new_1.0</xilinx:tag>
        <xilinx:tag xilinx:name="ui.data.coregen.dd@7db8e6a3_ARCHIVE_LOCATION">c:/Users/amank/Documents/Xilinx/hw_design/ip_repo/adder_new_1.0</xilinx:tag>
        <xilinx:tag xilinx:name="ui.data.coregen.dd@162e50df_ARCHIVE_LOCATION">c:/Users/amank/Documents/Xilinx/hw_design/ip_repo/adder_new_1.0</xilinx:tag>
        <xilinx:tag xilinx:name="ui.data.coregen.dd@480e916c_ARCHIVE_LOCATION">c:/Users/amank/Documents/Xilinx/hw_design/ip_repo/adder_new_1.0</xilinx:tag>
        <xilinx:tag xilinx:name="ui.data.coregen.dd@48fe4549_ARCHIVE_LOCATION">c:/Users/amank/Documents/Xilinx/hw_design/ip_repo/adder_new_1.0</xilinx:tag>
        <xilinx:tag xilinx:name="ui.data.coregen.dd@315a548f_ARCHIVE_LOCATION">c:/Users/amank/Documents/Xilinx/hw_design/ip_repo/adder_new_1.0</xilinx:tag>
        <xilinx:tag xilinx:name="ui.data.coregen.dd@1b533f21_ARCHIVE_LOCATION">c:/Users/amank/Documents/Xilinx/hw_design/ip_repo/adder_new_1.0</xilinx:tag>
        <xilinx:tag xilinx:name="ui.data.coregen.dd@228db4be_ARCHIVE_LOCATION">c:/Users/amank/Documents/Xilinx/hw_design/ip_repo/adder_new_1.0</xilinx:tag>
        <xilinx:tag xilinx:name="ui.data.coregen.dd@195d4b9_ARCHIVE_LOCATION">c:/Users/amank/Documents/Xilinx/hw_design/ip_repo/adder_new_1.0</xilinx:tag>
        <xilinx:tag xilinx:name="ui.data.coregen.dd@363c5f2e_ARCHIVE_LOCATION">c:/Users/amank/Documents/Xilinx/hw_design/ip_repo/adder_new_1.0</xilinx:tag>
        <xilinx:tag xilinx:name="ui.data.coregen.dd@503d1ad1_ARCHIVE_LOCATION">c:/Users/amank/Documents/Xilinx/hw_design/ip_repo/adder_new_1.0</xilinx:tag>
      </xilinx:tags>
    </xilinx:coreExtensions>
    <xilinx:packagingInfo>
      <xilinx:xilinxVersion>2019.2</xilinx:xilinxVersion>
      <xilinx:checksum xilinx:scope="busInterfaces" xilinx:value="125b10dc"/>
      <xilinx:checksum xilinx:scope="memoryMaps" xilinx:value="ed1368d5"/>
      <xilinx:checksum xilinx:scope="fileGroups" xilinx:value="fa14e031"/>
      <xilinx:checksum xilinx:scope="ports" xilinx:value="4c40c4d6"/>
      <xilinx:checksum xilinx:scope="hdlParameters" xilinx:value="e7b50784"/>
      <xilinx:checksum xilinx:scope="parameters" xilinx:value="ab8d60cc"/>
    </xilinx:packagingInfo>
  </spirit:vendorExtensions>
</spirit:component>
